SitCode,IssueDate,ContractType,ContractSignDate,ContractProcessDate,EndDate,Associate_id,StateCoordinators_EndDate
1,6/6/2023,Non-Disclosure Agreement,5/28/2023,1/30/2023,5/25/2024,176,5/25/2024
2,12/21/2022,Non-Disclosure Agreement,3/15/2023,9/26/2023,1/3/2024,197,1/1/2024
3,9/19/2023,Lease Agreement,8/3/2023,6/5/2023,3/9/2024,538,3/12/2024
4,7/24/2023,Service Agreement,9/15/2023,6/6/2023,4/30/2024,503,11/16/2024
5,10/30/2023,Confidentiality Agreement,7/11/2023,7/28/2023,10/18/2024,580,5/27/2024
6,6/9/2023,Consulting Agreement,2/11/2023,1/20/2023,5/27/2024,212,11/22/2024
7,4/8/2023,Partnership Agreement,8/21/2023,8/25/2023,9/17/2024,920,6/18/2024
8,7/25/2023,Sales Contract,8/28/2023,1/31/2023,3/25/2024,616,3/26/2024
9,6/28/2023,Employment Contract,3/19/2023,7/13/2023,7/2/2024,349,2/2/2024
10,1/21/2023,Non-Disclosure Agreement,2/20/2023,5/9/2023,8/18/2024,186,1/30/2024
11,6/21/2023,Non-Disclosure Agreement,6/20/2023,8/29/2023,11/13/2024,399,7/15/2024
12,1/16/2023,Partnership Agreement,4/21/2023,4/3/2023,4/28/2024,536,9/24/2024
13,4/22/2023,Sales Contract,10/10/2023,11/6/2023,12/21/2024,585,10/9/2024
14,9/5/2023,Employment Contract,9/12/2023,10/22/2023,2/3/2024,346,4/25/2024
15,4/1/2023,Purchase Agreement,7/2/2023,11/19/2022,11/3/2024,367,3/30/2024
16,4/12/2023,Sales Contract,1/5/2023,3/30/2023,6/28/2024,555,11/12/2024
17,5/6/2023,Non-Disclosure Agreement,2/6/2023,3/11/2023,12/9/2024,731,6/9/2024
18,12/22/2022,Service Agreement,8/26/2023,3/2/2023,5/5/2024,905,7/10/2024
19,7/17/2023,Confidentiality Agreement,7/15/2023,3/19/2023,3/15/2024,168,12/30/2024
20,12/30/2022,Consulting Agreement,10/10/2023,11/2/2023,3/20/2024,999,4/18/2024
21,9/6/2023,Confidentiality Agreement,3/10/2023,7/17/2023,8/2/2024,69,11/17/2024
22,3/8/2023,Employment Contract,11/20/2022,8/14/2023,7/27/2024,433,1/3/2024
23,1/11/2023,Employment Contract,10/3/2023,8/31/2023,8/31/2024,896,1/15/2024
24,10/29/2023,Consulting Agreement,10/28/2023,8/21/2023,2/10/2024,392,4/21/2024
25,8/20/2023,Lease Agreement,11/22/2022,1/21/2023,9/1/2024,941,7/22/2024
26,4/27/2023,Confidentiality Agreement,4/4/2023,1/18/2023,1/24/2024,513,8/6/2024
27,10/15/2023,Lease Agreement,6/17/2023,8/17/2023,11/3/2024,76,3/7/2024
28,2/2/2023,Employment Contract,11/10/2023,1/13/2023,2/29/2024,824,2/26/2024
29,8/24/2023,Lease Agreement,8/2/2023,1/24/2023,12/24/2024,251,3/6/2024
30,10/5/2023,Service Agreement,4/1/2023,9/26/2023,6/12/2024,7,9/17/2024
31,5/30/2023,Non-Disclosure Agreement,2/16/2023,11/24/2022,12/3/2024,788,5/17/2024
32,2/19/2023,Purchase Agreement,5/11/2023,10/26/2023,10/7/2024,445,10/20/2024
33,7/17/2023,Service Agreement,12/24/2022,10/15/2023,2/24/2024,45,12/9/2024
34,9/2/2023,Employment Contract,6/27/2023,1/3/2023,5/22/2024,704,1/31/2024
35,7/8/2023,Confidentiality Agreement,8/27/2023,6/19/2023,2/1/2024,326,3/7/2024
36,10/4/2023,Partnership Agreement,11/23/2022,2/24/2023,7/29/2024,825,5/24/2024
37,12/5/2022,Service Agreement,10/19/2023,8/24/2023,10/8/2024,153,9/11/2024
38,9/10/2023,Sales Contract,5/6/2023,9/18/2023,3/15/2024,184,12/4/2024
39,1/24/2023,License Agreement,4/26/2023,8/24/2023,10/9/2024,950,11/9/2024
40,1/1/2023,Confidentiality Agreement,12/6/2022,9/24/2023,11/26/2024,113,10/13/2024
41,12/14/2022,Purchase Agreement,9/3/2023,9/14/2023,9/21/2024,764,12/23/2024
42,5/8/2023,Sales Contract,12/3/2022,7/16/2023,6/23/2024,190,11/27/2024
43,6/14/2023,Non-Disclosure Agreement,5/27/2023,1/20/2023,4/26/2024,961,1/6/2024
44,5/13/2023,Partnership Agreement,3/23/2023,7/26/2023,10/15/2024,291,12/4/2024
45,6/12/2023,Non-Disclosure Agreement,3/20/2023,1/15/2023,2/4/2024,313,10/14/2024
46,5/29/2023,Confidentiality Agreement,5/6/2023,2/15/2023,6/1/2024,202,6/9/2024
47,5/20/2023,Consulting Agreement,10/10/2023,5/14/2023,4/15/2024,463,7/19/2024
48,7/3/2023,Service Agreement,4/14/2023,4/17/2023,10/13/2024,551,4/21/2024
49,1/22/2023,Consulting Agreement,8/7/2023,10/23/2023,11/11/2024,773,10/3/2024
50,5/10/2023,Purchase Agreement,1/17/2023,8/4/2023,3/29/2024,495,8/26/2024
51,4/2/2023,Purchase Agreement,5/21/2023,3/11/2023,6/30/2024,138,8/28/2024
52,7/29/2023,Service Agreement,5/15/2023,7/15/2023,11/13/2024,856,6/6/2024
53,7/2/2023,Non-Disclosure Agreement,3/10/2023,9/5/2023,8/20/2024,484,3/25/2024
54,4/21/2023,License Agreement,4/17/2023,3/3/2023,4/8/2024,196,9/26/2024
55,4/15/2023,Non-Disclosure Agreement,9/9/2023,2/19/2023,12/20/2024,73,3/11/2024
56,2/2/2023,Lease Agreement,12/15/2022,3/10/2023,2/24/2024,852,2/2/2024
57,5/23/2023,Lease Agreement,1/31/2023,9/28/2023,7/28/2024,945,5/9/2024
58,12/1/2022,Purchase Agreement,10/8/2023,5/28/2023,7/29/2024,258,1/31/2024
59,6/18/2023,Partnership Agreement,10/19/2023,7/18/2023,9/4/2024,705,8/20/2024
60,6/15/2023,Consulting Agreement,4/18/2023,12/8/2022,4/3/2024,401,8/19/2024
61,8/25/2023,Confidentiality Agreement,2/9/2023,11/27/2022,12/13/2024,375,7/22/2024
62,11/5/2023,Non-Disclosure Agreement,4/23/2023,8/12/2023,6/10/2024,928,3/7/2024
63,6/16/2023,License Agreement,6/17/2023,7/1/2023,5/18/2024,350,3/30/2024
64,3/19/2023,Lease Agreement,12/14/2022,4/17/2023,8/25/2024,941,4/18/2024
65,8/10/2023,Confidentiality Agreement,12/19/2022,1/8/2023,9/15/2024,605,12/21/2024
66,11/2/2023,Partnership Agreement,3/16/2023,10/23/2023,2/4/2024,765,1/14/2024
67,1/10/2023,Consulting Agreement,7/7/2023,12/14/2022,3/30/2024,584,10/25/2024
68,4/12/2023,License Agreement,5/7/2023,9/1/2023,8/30/2024,280,3/5/2024
69,8/20/2023,License Agreement,9/8/2023,4/23/2023,10/22/2024,523,3/4/2024
70,8/18/2023,Employment Contract,11/30/2022,8/23/2023,3/29/2024,746,11/30/2024
71,3/12/2023,Service Agreement,7/22/2023,11/8/2023,7/14/2024,804,3/28/2024
72,6/11/2023,Non-Disclosure Agreement,6/6/2023,6/15/2023,12/11/2024,449,5/21/2024
73,10/3/2023,Sales Contract,8/17/2023,1/10/2023,10/30/2024,318,7/8/2024
74,2/8/2023,Lease Agreement,1/9/2023,11/15/2022,4/2/2024,392,9/10/2024
75,1/13/2023,Service Agreement,1/22/2023,5/16/2023,10/18/2024,152,7/21/2024
76,2/10/2023,Employment Contract,12/6/2022,11/12/2022,1/19/2024,93,12/8/2024
77,6/17/2023,Service Agreement,8/29/2023,9/7/2023,8/17/2024,760,7/16/2024
78,3/2/2023,Service Agreement,6/27/2023,7/21/2023,9/9/2024,225,3/27/2024
79,11/6/2023,Confidentiality Agreement,1/4/2023,9/29/2023,7/5/2024,662,6/16/2024
80,7/8/2023,Sales Contract,9/17/2023,1/28/2023,10/22/2024,357,5/5/2024
81,5/20/2023,Confidentiality Agreement,5/1/2023,1/2/2023,11/11/2024,932,3/11/2024
82,5/5/2023,Non-Disclosure Agreement,7/21/2023,12/12/2022,1/27/2024,482,7/19/2024
83,11/21/2022,Non-Disclosure Agreement,3/3/2023,11/10/2023,4/2/2024,580,4/24/2024
84,6/29/2023,Non-Disclosure Agreement,6/22/2023,6/19/2023,11/12/2024,892,4/9/2024
85,10/23/2023,Sales Contract,4/4/2023,3/23/2023,1/31/2024,220,6/15/2024
86,12/26/2022,Confidentiality Agreement,11/17/2022,9/15/2023,6/16/2024,482,9/16/2024
87,4/12/2023,Partnership Agreement,9/5/2023,8/3/2023,9/17/2024,20,1/22/2024
88,1/15/2023,License Agreement,12/21/2022,2/26/2023,10/7/2024,924,11/5/2024
89,4/11/2023,Sales Contract,10/27/2023,6/23/2023,12/6/2024,517,10/2/2024
90,5/23/2023,Confidentiality Agreement,1/31/2023,3/29/2023,4/1/2024,788,10/8/2024
91,11/4/2023,Partnership Agreement,9/14/2023,1/3/2023,4/1/2024,34,8/4/2024
92,11/8/2023,Confidentiality Agreement,3/18/2023,8/13/2023,7/5/2024,124,7/21/2024
93,11/7/2023,Non-Disclosure Agreement,12/15/2022,1/18/2023,9/25/2024,287,11/24/2024
94,11/12/2022,Non-Disclosure Agreement,3/15/2023,12/3/2022,4/8/2024,698,1/3/2024
95,12/10/2022,License Agreement,11/30/2022,8/2/2023,6/8/2024,742,9/8/2024
96,5/18/2023,License Agreement,11/13/2022,4/17/2023,11/28/2024,842,11/27/2024
97,12/18/2022,License Agreement,3/14/2023,11/1/2023,5/27/2024,990,5/31/2024
98,2/10/2023,License Agreement,4/18/2023,7/8/2023,6/7/2024,978,12/3/2024
99,8/18/2023,Partnership Agreement,8/23/2023,5/20/2023,11/21/2024,896,6/17/2024
100,6/20/2023,License Agreement,1/18/2023,11/21/2022,12/14/2024,416,12/11/2024
101,5/16/2023,Service Agreement,1/29/2023,10/27/2023,6/4/2024,131,1/6/2024
102,12/25/2022,Purchase Agreement,7/16/2023,4/9/2023,10/11/2024,84,9/30/2024
103,6/15/2023,Sales Contract,12/18/2022,5/27/2023,5/4/2024,947,4/28/2024
104,12/16/2022,Partnership Agreement,3/2/2023,10/30/2023,4/16/2024,403,9/29/2024
105,10/1/2023,Non-Disclosure Agreement,3/5/2023,3/8/2023,8/12/2024,22,9/24/2024
106,8/27/2023,Sales Contract,12/17/2022,4/26/2023,9/26/2024,632,2/3/2024
107,3/27/2023,Lease Agreement,9/10/2023,8/17/2023,4/27/2024,580,12/20/2024
108,6/26/2023,Purchase Agreement,10/30/2023,3/13/2023,3/1/2024,204,5/9/2024
109,10/10/2023,Purchase Agreement,2/9/2023,6/16/2023,6/3/2024,955,2/20/2024
110,9/4/2023,Purchase Agreement,12/28/2022,10/14/2023,7/1/2024,48,7/9/2024
111,5/31/2023,Partnership Agreement,10/3/2023,10/28/2023,2/4/2024,785,4/26/2024
112,3/5/2023,Consulting Agreement,1/20/2023,9/28/2023,9/11/2024,525,1/12/2024
113,9/2/2023,Sales Contract,10/17/2023,12/6/2022,2/26/2024,350,8/27/2024
114,8/16/2023,Employment Contract,9/5/2023,1/23/2023,9/4/2024,108,10/8/2024
115,6/12/2023,Service Agreement,10/26/2023,6/6/2023,4/20/2024,746,11/3/2024
116,11/27/2022,Purchase Agreement,3/11/2023,9/20/2023,7/5/2024,394,5/27/2024
117,3/17/2023,Consulting Agreement,4/8/2023,1/2/2023,10/15/2024,845,7/13/2024
118,3/16/2023,Partnership Agreement,4/13/2023,1/9/2023,6/10/2024,836,5/3/2024
119,1/31/2023,Sales Contract,11/7/2023,4/6/2023,10/26/2024,623,4/16/2024
120,11/24/2022,Consulting Agreement,3/30/2023,2/9/2023,6/20/2024,655,3/3/2024
121,11/3/2023,Consulting Agreement,12/22/2022,7/10/2023,6/15/2024,637,1/15/2024
122,2/13/2023,Non-Disclosure Agreement,11/14/2022,11/8/2023,4/9/2024,277,9/24/2024
123,4/7/2023,Confidentiality Agreement,12/21/2022,12/6/2022,10/14/2024,310,10/6/2024
124,5/16/2023,Sales Contract,1/28/2023,1/12/2023,2/9/2024,912,2/18/2024
125,2/14/2023,Sales Contract,5/24/2023,3/11/2023,10/10/2024,828,7/27/2024
126,3/23/2023,Confidentiality Agreement,8/26/2023,11/15/2022,7/4/2024,36,7/4/2024
127,1/5/2023,Employment Contract,9/24/2023,3/20/2023,3/4/2024,817,12/15/2024
128,10/28/2023,Purchase Agreement,5/13/2023,7/10/2023,4/12/2024,261,4/3/2024
129,8/12/2023,Service Agreement,10/27/2023,6/29/2023,8/1/2024,812,5/3/2024
130,5/7/2023,Purchase Agreement,3/6/2023,12/3/2022,8/23/2024,457,11/25/2024
131,1/20/2023,Partnership Agreement,1/6/2023,9/28/2023,2/9/2024,475,5/12/2024
132,1/22/2023,Employment Contract,6/14/2023,10/3/2023,6/13/2024,763,2/11/2024
133,6/28/2023,Employment Contract,7/31/2023,12/12/2022,10/18/2024,567,10/15/2024
134,11/7/2023,Confidentiality Agreement,6/24/2023,4/16/2023,7/9/2024,556,11/7/2024
135,12/11/2022,Consulting Agreement,9/3/2023,6/26/2023,7/22/2024,216,2/21/2024
136,10/2/2023,License Agreement,2/16/2023,7/31/2023,2/9/2024,974,10/10/2024
137,4/13/2023,Confidentiality Agreement,6/25/2023,6/5/2023,8/15/2024,435,8/9/2024
138,8/19/2023,Sales Contract,4/29/2023,11/17/2022,11/15/2024,40,5/8/2024
139,9/26/2023,Consulting Agreement,6/12/2023,2/8/2023,11/18/2024,132,10/11/2024
140,6/18/2023,License Agreement,11/3/2023,3/7/2023,7/18/2024,414,10/23/2024
141,5/26/2023,Employment Contract,3/30/2023,11/14/2022,1/1/2024,909,7/13/2024
142,2/2/2023,Confidentiality Agreement,12/5/2022,1/27/2023,10/20/2024,461,11/9/2024
143,12/19/2022,Sales Contract,10/3/2023,4/29/2023,6/2/2024,848,11/4/2024
144,7/30/2023,Consulting Agreement,7/1/2023,8/6/2023,10/18/2024,798,6/13/2024
145,11/5/2023,Sales Contract,2/26/2023,6/14/2023,12/21/2024,649,11/1/2024
146,4/2/2023,Consulting Agreement,10/31/2023,2/26/2023,11/23/2024,567,5/8/2024
147,12/11/2022,Sales Contract,3/2/2023,6/5/2023,3/10/2024,679,5/29/2024
148,5/3/2023,Service Agreement,3/9/2023,9/14/2023,2/15/2024,374,5/22/2024
149,5/18/2023,Sales Contract,7/18/2023,10/17/2023,12/15/2024,711,12/21/2024
150,11/28/2022,Employment Contract,2/15/2023,10/20/2023,11/21/2024,662,6/16/2024
151,3/10/2023,Employment Contract,8/23/2023,5/20/2023,6/10/2024,45,1/4/2024
152,11/3/2023,Purchase Agreement,7/13/2023,1/15/2023,7/26/2024,988,10/3/2024
153,7/15/2023,Non-Disclosure Agreement,7/20/2023,3/31/2023,8/7/2024,648,11/27/2024
154,4/12/2023,Employment Contract,1/1/2023,3/24/2023,6/2/2024,722,4/20/2024
155,1/31/2023,Partnership Agreement,3/29/2023,6/26/2023,10/20/2024,496,5/9/2024
156,3/20/2023,Consulting Agreement,1/21/2023,4/10/2023,9/20/2024,198,1/22/2024
157,4/26/2023,Non-Disclosure Agreement,4/28/2023,11/5/2023,7/10/2024,101,2/6/2024
158,1/23/2023,Confidentiality Agreement,1/27/2023,12/12/2022,6/15/2024,181,2/26/2024
159,5/12/2023,Confidentiality Agreement,10/31/2023,1/18/2023,12/1/2024,170,1/18/2024
160,4/27/2023,License Agreement,3/7/2023,6/20/2023,9/29/2024,30,1/5/2024
161,4/21/2023,Service Agreement,6/4/2023,8/22/2023,8/8/2024,283,4/2/2024
162,6/21/2023,Sales Contract,9/14/2023,9/16/2023,3/8/2024,833,12/4/2024
163,2/26/2023,Lease Agreement,10/18/2023,5/25/2023,9/10/2024,765,9/3/2024
164,3/16/2023,Partnership Agreement,3/3/2023,11/7/2023,4/4/2024,191,10/1/2024
165,12/6/2022,Purchase Agreement,2/2/2023,7/20/2023,2/19/2024,727,4/14/2024
166,10/20/2023,License Agreement,12/7/2022,10/20/2023,9/11/2024,739,3/21/2024
167,11/23/2022,Non-Disclosure Agreement,6/7/2023,2/14/2023,3/13/2024,13,11/19/2024
168,4/15/2023,Service Agreement,3/22/2023,5/3/2023,2/24/2024,647,8/11/2024
169,7/13/2023,Consulting Agreement,10/1/2023,2/17/2023,11/10/2024,489,8/5/2024
170,1/19/2023,Purchase Agreement,5/10/2023,12/13/2022,4/20/2024,931,11/16/2024
171,1/22/2023,Service Agreement,2/21/2023,8/3/2023,6/23/2024,444,8/29/2024
172,12/6/2022,Purchase Agreement,5/9/2023,2/20/2023,3/16/2024,107,10/19/2024
173,12/7/2022,Non-Disclosure Agreement,11/20/2022,5/18/2023,8/23/2024,623,12/29/2024
174,5/5/2023,Partnership Agreement,3/17/2023,3/24/2023,6/21/2024,885,1/3/2024
175,5/19/2023,Consulting Agreement,4/20/2023,9/23/2023,5/25/2024,498,1/30/2024
176,4/4/2023,Non-Disclosure Agreement,2/25/2023,4/22/2023,9/8/2024,350,11/7/2024
177,2/17/2023,Partnership Agreement,2/8/2023,1/1/2023,11/16/2024,487,12/13/2024
178,5/26/2023,Purchase Agreement,2/23/2023,4/7/2023,2/2/2024,235,7/10/2024
179,4/22/2023,Non-Disclosure Agreement,11/19/2022,5/3/2023,11/12/2024,530,6/5/2024
180,11/7/2023,Partnership Agreement,10/16/2023,1/20/2023,3/30/2024,6,12/11/2024
181,2/10/2023,Purchase Agreement,6/12/2023,11/27/2022,4/19/2024,848,3/22/2024
182,7/25/2023,Lease Agreement,9/8/2023,10/1/2023,6/11/2024,50,11/24/2024
183,3/10/2023,Non-Disclosure Agreement,5/19/2023,8/17/2023,5/8/2024,439,4/8/2024
184,10/19/2023,Consulting Agreement,3/23/2023,11/1/2023,11/27/2024,333,8/17/2024
185,1/2/2023,Confidentiality Agreement,12/18/2022,12/16/2022,7/21/2024,618,3/30/2024
186,12/9/2022,Confidentiality Agreement,6/1/2023,10/6/2023,11/30/2024,989,3/6/2024
187,6/13/2023,Partnership Agreement,8/12/2023,10/11/2023,4/4/2024,183,10/18/2024
188,8/21/2023,Confidentiality Agreement,2/27/2023,6/12/2023,1/19/2024,688,11/8/2024
189,2/16/2023,Purchase Agreement,3/28/2023,8/31/2023,12/15/2024,422,7/24/2024
190,6/27/2023,Confidentiality Agreement,3/30/2023,10/17/2023,2/1/2024,970,7/16/2024
191,5/3/2023,Lease Agreement,2/27/2023,4/26/2023,8/1/2024,600,8/4/2024
192,6/4/2023,Service Agreement,1/29/2023,1/25/2023,10/11/2024,662,5/27/2024
193,7/15/2023,Employment Contract,2/22/2023,11/23/2022,1/12/2024,261,4/5/2024
194,3/6/2023,Purchase Agreement,8/6/2023,12/2/2022,10/26/2024,476,9/22/2024
195,7/26/2023,Non-Disclosure Agreement,12/27/2022,6/7/2023,3/11/2024,589,3/16/2024
196,9/19/2023,Lease Agreement,9/23/2023,7/19/2023,5/15/2024,234,6/7/2024
197,6/10/2023,Consulting Agreement,11/8/2023,8/12/2023,4/26/2024,332,4/1/2024
198,1/21/2023,Confidentiality Agreement,3/30/2023,11/12/2022,3/6/2024,775,4/23/2024
199,7/24/2023,Lease Agreement,10/23/2023,11/22/2022,12/29/2024,889,2/28/2024
200,2/15/2023,Partnership Agreement,12/20/2022,1/18/2023,3/27/2024,226,5/5/2024
201,6/2/2023,Lease Agreement,8/12/2023,1/18/2023,1/16/2024,470,12/30/2024
202,8/21/2023,License Agreement,11/13/2022,3/30/2023,11/14/2024,86,7/28/2024
203,12/9/2022,Purchase Agreement,10/5/2023,9/20/2023,6/21/2024,671,12/30/2024
204,7/4/2023,Partnership Agreement,8/12/2023,6/6/2023,7/15/2024,876,6/12/2024
205,5/10/2023,Service Agreement,7/8/2023,10/31/2023,3/13/2024,477,1/31/2024
206,4/18/2023,Confidentiality Agreement,12/6/2022,12/18/2022,1/7/2024,825,3/12/2024
207,8/19/2023,Purchase Agreement,12/19/2022,1/10/2023,10/11/2024,820,12/10/2024
208,11/13/2022,Sales Contract,12/16/2022,1/24/2023,10/18/2024,248,8/14/2024
209,9/11/2023,Purchase Agreement,7/7/2023,5/22/2023,1/5/2024,184,3/22/2024
210,11/23/2022,Service Agreement,3/22/2023,11/27/2022,1/26/2024,634,9/4/2024
211,4/7/2023,Consulting Agreement,11/19/2022,8/2/2023,3/12/2024,909,2/13/2024
212,5/26/2023,License Agreement,10/28/2023,6/9/2023,10/23/2024,77,1/3/2024
213,1/3/2023,Non-Disclosure Agreement,6/6/2023,5/1/2023,8/30/2024,878,3/7/2024
214,1/1/2023,Partnership Agreement,10/20/2023,7/4/2023,2/3/2024,933,9/28/2024
215,3/13/2023,Confidentiality Agreement,7/25/2023,6/9/2023,1/16/2024,712,6/25/2024
216,1/16/2023,Confidentiality Agreement,6/11/2023,5/1/2023,1/6/2024,86,3/5/2024
217,4/27/2023,Non-Disclosure Agreement,3/19/2023,5/10/2023,2/21/2024,699,1/2/2024
218,2/23/2023,Non-Disclosure Agreement,9/16/2023,5/21/2023,10/3/2024,810,10/11/2024
219,7/2/2023,Service Agreement,2/26/2023,12/31/2022,5/12/2024,231,3/27/2024
220,7/15/2023,Confidentiality Agreement,6/19/2023,3/1/2023,4/23/2024,912,10/9/2024
221,2/19/2023,Purchase Agreement,7/11/2023,3/22/2023,11/30/2024,812,6/29/2024
222,11/23/2022,Consulting Agreement,1/14/2023,6/25/2023,3/24/2024,316,3/1/2024
223,9/30/2023,Partnership Agreement,1/13/2023,12/14/2022,5/21/2024,851,3/7/2024
224,10/1/2023,License Agreement,6/10/2023,1/21/2023,10/12/2024,576,6/15/2024
225,12/30/2022,Lease Agreement,9/13/2023,12/28/2022,4/30/2024,925,5/6/2024
226,9/16/2023,Employment Contract,2/27/2023,2/14/2023,8/3/2024,401,8/7/2024
227,2/14/2023,Sales Contract,2/4/2023,2/15/2023,1/30/2024,902,4/29/2024
228,3/21/2023,Consulting Agreement,3/30/2023,7/30/2023,10/4/2024,36,7/8/2024
229,7/15/2023,Non-Disclosure Agreement,12/17/2022,1/3/2023,12/10/2024,590,7/5/2024
230,6/15/2023,Consulting Agreement,1/5/2023,6/21/2023,3/18/2024,289,4/22/2024
231,6/20/2023,License Agreement,10/21/2023,3/8/2023,1/7/2024,630,9/27/2024
232,6/15/2023,Purchase Agreement,12/11/2022,5/3/2023,12/24/2024,728,10/14/2024
233,6/21/2023,Service Agreement,12/22/2022,7/13/2023,10/27/2024,992,5/28/2024
234,9/9/2023,Purchase Agreement,8/1/2023,1/30/2023,3/24/2024,162,3/2/2024
235,1/6/2023,Service Agreement,1/30/2023,10/20/2023,11/27/2024,46,6/16/2024
236,6/1/2023,Consulting Agreement,4/8/2023,2/18/2023,12/26/2024,937,9/11/2024
237,4/30/2023,License Agreement,8/31/2023,4/19/2023,5/12/2024,629,10/2/2024
238,12/25/2022,Service Agreement,10/12/2023,1/4/2023,11/3/2024,476,9/25/2024
239,12/27/2022,Lease Agreement,6/10/2023,4/14/2023,10/11/2024,399,11/26/2024
240,6/5/2023,License Agreement,1/5/2023,1/9/2023,7/19/2024,46,6/14/2024
241,12/14/2022,Sales Contract,3/13/2023,11/26/2022,8/14/2024,874,2/13/2024
242,1/18/2023,Employment Contract,1/25/2023,11/2/2023,12/23/2024,43,4/18/2024
243,6/29/2023,Consulting Agreement,4/25/2023,3/13/2023,10/27/2024,865,3/8/2024
244,1/7/2023,Partnership Agreement,10/18/2023,8/19/2023,3/6/2024,291,10/25/2024
245,6/23/2023,Sales Contract,7/7/2023,4/24/2023,6/10/2024,96,10/26/2024
246,1/28/2023,Service Agreement,7/7/2023,3/14/2023,5/15/2024,881,5/13/2024
247,1/4/2023,Lease Agreement,3/1/2023,12/23/2022,12/19/2024,184,9/10/2024
248,8/2/2023,Purchase Agreement,4/8/2023,8/16/2023,7/6/2024,231,9/8/2024
249,8/4/2023,Consulting Agreement,7/30/2023,10/28/2023,10/4/2024,915,8/22/2024
250,4/27/2023,Sales Contract,11/17/2022,6/9/2023,8/2/2024,266,5/27/2024
251,1/28/2023,Purchase Agreement,1/20/2023,5/29/2023,3/27/2024,970,4/29/2024
252,9/20/2023,Non-Disclosure Agreement,6/19/2023,8/8/2023,9/22/2024,270,8/26/2024
253,4/15/2023,Confidentiality Agreement,12/10/2022,7/22/2023,10/22/2024,342,7/1/2024
254,10/17/2023,Non-Disclosure Agreement,7/2/2023,5/24/2023,6/10/2024,940,7/21/2024
255,3/22/2023,Partnership Agreement,7/12/2023,1/21/2023,5/9/2024,2,5/29/2024
256,12/17/2022,Partnership Agreement,12/24/2022,3/22/2023,12/6/2024,288,9/26/2024
257,3/15/2023,Partnership Agreement,1/2/2023,5/26/2023,1/27/2024,911,12/18/2024
258,2/28/2023,Confidentiality Agreement,5/28/2023,10/9/2023,12/31/2024,209,1/5/2024
259,12/13/2022,Confidentiality Agreement,4/12/2023,11/11/2023,6/4/2024,561,6/4/2024
260,10/23/2023,Confidentiality Agreement,9/12/2023,10/31/2023,4/4/2024,666,4/20/2024
261,4/30/2023,Partnership Agreement,7/19/2023,6/27/2023,8/8/2024,498,2/13/2024
262,9/10/2023,Purchase Agreement,4/20/2023,9/24/2023,2/10/2024,162,9/18/2024
263,3/1/2023,Consulting Agreement,6/28/2023,9/29/2023,1/13/2024,982,2/10/2024
264,12/11/2022,License Agreement,11/13/2022,6/30/2023,12/31/2024,980,1/15/2024
265,8/20/2023,Purchase Agreement,4/22/2023,11/4/2023,1/17/2024,256,4/19/2024
266,7/11/2023,Service Agreement,3/15/2023,1/19/2023,4/27/2024,339,2/23/2024
267,6/12/2023,Lease Agreement,9/25/2023,9/15/2023,4/20/2024,577,6/24/2024
268,11/26/2022,Employment Contract,10/8/2023,4/5/2023,3/20/2024,462,4/16/2024
269,10/9/2023,Partnership Agreement,6/4/2023,2/16/2023,6/11/2024,827,1/16/2024
270,6/19/2023,Confidentiality Agreement,8/8/2023,6/17/2023,10/21/2024,267,6/1/2024
271,12/28/2022,Lease Agreement,1/3/2023,3/12/2023,8/3/2024,437,1/13/2024
272,9/7/2023,Non-Disclosure Agreement,10/12/2023,11/5/2023,12/18/2024,507,6/5/2024
273,3/8/2023,License Agreement,7/20/2023,5/7/2023,3/27/2024,540,11/18/2024
274,10/2/2023,Sales Contract,3/20/2023,12/4/2022,12/28/2024,157,3/23/2024
275,8/18/2023,License Agreement,5/4/2023,6/13/2023,1/27/2024,9,6/29/2024
276,1/20/2023,Purchase Agreement,8/12/2023,7/2/2023,6/12/2024,760,12/11/2024
277,8/22/2023,Consulting Agreement,5/15/2023,4/29/2023,5/20/2024,482,9/4/2024
278,7/23/2023,Service Agreement,3/7/2023,6/14/2023,12/16/2024,613,10/4/2024
279,5/12/2023,Lease Agreement,11/19/2022,4/18/2023,7/6/2024,986,8/9/2024
280,5/1/2023,Partnership Agreement,6/2/2023,10/28/2023,2/21/2024,429,9/18/2024
281,3/15/2023,Partnership Agreement,12/15/2022,12/13/2022,12/30/2024,767,1/26/2024
282,10/18/2023,Purchase Agreement,5/16/2023,12/13/2022,7/6/2024,948,11/25/2024
283,3/17/2023,Sales Contract,1/5/2023,1/30/2023,5/6/2024,823,8/16/2024
284,3/21/2023,Sales Contract,4/9/2023,11/11/2023,10/4/2024,299,5/8/2024
285,5/16/2023,Service Agreement,4/13/2023,1/22/2023,11/4/2024,349,12/3/2024
286,5/22/2023,Employment Contract,12/1/2022,10/2/2023,2/11/2024,520,3/31/2024
287,10/4/2023,Non-Disclosure Agreement,3/28/2023,1/1/2023,1/11/2024,754,12/30/2024
288,9/15/2023,Service Agreement,7/13/2023,12/8/2022,12/1/2024,144,8/10/2024
289,4/7/2023,Non-Disclosure Agreement,10/5/2023,1/17/2023,2/6/2024,641,11/16/2024
290,4/24/2023,Consulting Agreement,11/27/2022,1/1/2023,10/22/2024,211,12/1/2024
291,3/6/2023,Sales Contract,9/22/2023,4/5/2023,10/5/2024,232,5/17/2024
292,1/5/2023,Purchase Agreement,11/4/2023,5/17/2023,9/6/2024,689,3/19/2024
293,1/22/2023,Partnership Agreement,6/24/2023,9/13/2023,11/19/2024,449,1/2/2024
294,1/25/2023,Sales Contract,9/22/2023,2/26/2023,7/28/2024,45,3/6/2024
295,3/15/2023,Consulting Agreement,6/2/2023,4/11/2023,2/10/2024,522,10/12/2024
296,7/4/2023,Consulting Agreement,2/3/2023,4/21/2023,10/1/2024,815,3/10/2024
297,8/31/2023,Service Agreement,7/4/2023,8/6/2023,12/12/2024,441,2/26/2024
298,11/28/2022,Sales Contract,10/23/2023,1/1/2023,6/10/2024,995,5/28/2024
299,3/3/2023,Consulting Agreement,9/9/2023,7/23/2023,7/31/2024,177,8/22/2024
300,12/17/2022,Partnership Agreement,4/2/2023,5/11/2023,11/6/2024,640,2/19/2024
301,7/3/2023,Employment Contract,11/11/2023,9/8/2023,1/7/2024,428,9/2/2024
302,2/12/2023,Employment Contract,12/19/2022,3/11/2023,12/20/2024,518,8/3/2024
303,7/7/2023,Lease Agreement,4/5/2023,7/27/2023,8/28/2024,918,9/10/2024
304,9/4/2023,Purchase Agreement,7/27/2023,7/14/2023,8/21/2024,145,4/29/2024
305,1/23/2023,Confidentiality Agreement,1/15/2023,12/18/2022,6/24/2024,12,2/26/2024
306,3/19/2023,Lease Agreement,1/25/2023,10/21/2023,12/7/2024,875,4/22/2024
307,9/12/2023,Purchase Agreement,5/17/2023,9/22/2023,5/8/2024,161,12/27/2024
308,1/1/2023,Consulting Agreement,4/20/2023,7/1/2023,3/15/2024,809,1/31/2024
309,7/22/2023,Purchase Agreement,2/18/2023,9/20/2023,3/20/2024,549,1/8/2024
310,3/30/2023,Confidentiality Agreement,3/3/2023,6/6/2023,11/24/2024,70,11/26/2024
311,6/6/2023,Consulting Agreement,2/19/2023,1/24/2023,1/31/2024,925,10/13/2024
312,3/6/2023,Partnership Agreement,12/18/2022,6/16/2023,3/27/2024,364,7/6/2024
313,7/7/2023,Partnership Agreement,8/20/2023,11/7/2023,3/17/2024,606,4/14/2024
314,1/23/2023,Confidentiality Agreement,12/6/2022,3/28/2023,12/18/2024,50,3/8/2024
315,9/2/2023,Purchase Agreement,5/24/2023,11/8/2023,10/12/2024,830,6/13/2024
316,12/3/2022,Sales Contract,3/3/2023,2/14/2023,5/27/2024,367,8/10/2024
317,12/2/2022,License Agreement,7/15/2023,1/22/2023,10/28/2024,491,6/15/2024
318,5/5/2023,Service Agreement,12/17/2022,11/8/2023,11/26/2024,437,7/16/2024
319,10/3/2023,Non-Disclosure Agreement,4/22/2023,1/1/2023,7/27/2024,736,2/12/2024
320,1/5/2023,Purchase Agreement,6/15/2023,6/10/2023,1/5/2024,648,4/2/2024
321,11/27/2022,Sales Contract,1/3/2023,6/12/2023,4/7/2024,93,5/5/2024
322,3/25/2023,License Agreement,6/23/2023,8/18/2023,9/29/2024,496,5/31/2024
323,1/26/2023,Employment Contract,4/14/2023,1/2/2023,2/21/2024,827,11/16/2024
324,9/26/2023,Non-Disclosure Agreement,2/20/2023,6/10/2023,1/23/2024,691,11/27/2024
325,3/4/2023,Purchase Agreement,3/30/2023,3/10/2023,4/21/2024,689,10/11/2024
326,12/26/2022,Partnership Agreement,10/16/2023,12/12/2022,9/22/2024,847,2/9/2024
327,4/27/2023,Sales Contract,12/29/2022,11/10/2023,1/7/2024,560,6/16/2024
328,11/24/2022,Sales Contract,5/22/2023,10/27/2023,11/15/2024,639,6/10/2024
329,7/17/2023,License Agreement,1/15/2023,6/17/2023,3/18/2024,959,5/2/2024
330,12/10/2022,Purchase Agreement,5/2/2023,7/14/2023,9/25/2024,462,12/29/2024
331,11/6/2023,License Agreement,1/2/2023,12/12/2022,7/23/2024,212,8/25/2024
332,11/23/2022,License Agreement,11/23/2022,12/7/2022,5/18/2024,106,11/5/2024
333,7/17/2023,Confidentiality Agreement,5/5/2023,8/28/2023,6/14/2024,78,8/21/2024
334,8/8/2023,Non-Disclosure Agreement,10/26/2023,5/7/2023,4/10/2024,537,3/22/2024
335,3/6/2023,License Agreement,5/19/2023,11/4/2023,1/10/2024,68,9/28/2024
336,6/17/2023,Confidentiality Agreement,6/12/2023,10/12/2023,10/8/2024,904,12/14/2024
337,10/19/2023,Purchase Agreement,1/31/2023,3/26/2023,11/10/2024,562,4/8/2024
338,5/20/2023,Consulting Agreement,1/28/2023,2/5/2023,3/2/2024,491,5/12/2024
339,6/6/2023,Confidentiality Agreement,8/9/2023,3/14/2023,1/19/2024,417,2/2/2024
340,3/6/2023,Service Agreement,5/20/2023,9/17/2023,7/12/2024,34,12/27/2024
341,10/3/2023,Purchase Agreement,7/16/2023,3/7/2023,6/16/2024,332,8/20/2024
342,3/23/2023,Purchase Agreement,8/20/2023,2/26/2023,1/7/2024,860,5/12/2024
343,11/23/2022,Non-Disclosure Agreement,10/7/2023,10/23/2023,7/30/2024,69,9/16/2024
344,9/19/2023,Service Agreement,6/21/2023,4/29/2023,7/24/2024,231,6/12/2024
345,10/11/2023,Lease Agreement,9/12/2023,10/5/2023,9/17/2024,608,9/12/2024
346,11/27/2022,Employment Contract,8/31/2023,5/12/2023,5/22/2024,638,3/18/2024
347,1/20/2023,Partnership Agreement,12/10/2022,4/8/2023,8/13/2024,764,5/19/2024
348,6/27/2023,License Agreement,5/1/2023,4/6/2023,4/16/2024,574,4/27/2024
349,6/25/2023,Service Agreement,6/17/2023,3/11/2023,3/21/2024,863,5/9/2024
350,5/13/2023,Sales Contract,1/5/2023,7/17/2023,3/31/2024,79,6/27/2024
351,10/10/2023,Sales Contract,3/4/2023,6/24/2023,5/3/2024,877,2/14/2024
352,12/3/2022,Lease Agreement,2/11/2023,1/30/2023,6/26/2024,428,6/23/2024
353,7/5/2023,Purchase Agreement,5/8/2023,11/21/2022,11/26/2024,589,7/21/2024
354,3/14/2023,Purchase Agreement,12/19/2022,8/27/2023,7/30/2024,401,1/25/2024
355,11/24/2022,Employment Contract,9/2/2023,6/7/2023,7/26/2024,370,6/5/2024
356,4/14/2023,Employment Contract,4/10/2023,5/25/2023,5/9/2024,635,5/10/2024
357,2/3/2023,Partnership Agreement,4/21/2023,6/25/2023,3/17/2024,411,8/9/2024
358,3/4/2023,License Agreement,5/30/2023,7/13/2023,7/25/2024,993,12/26/2024
359,1/11/2023,Confidentiality Agreement,2/15/2023,7/9/2023,5/30/2024,381,8/10/2024
360,6/13/2023,Confidentiality Agreement,3/26/2023,3/23/2023,1/2/2024,866,4/14/2024
361,1/21/2023,Non-Disclosure Agreement,4/16/2023,4/12/2023,10/10/2024,521,12/9/2024
362,5/20/2023,Employment Contract,9/1/2023,11/26/2022,12/8/2024,693,7/29/2024
363,9/11/2023,Employment Contract,1/30/2023,11/14/2022,7/4/2024,607,7/11/2024
364,8/11/2023,Non-Disclosure Agreement,4/8/2023,8/10/2023,10/5/2024,866,3/10/2024
365,3/8/2023,Employment Contract,9/20/2023,3/23/2023,3/4/2024,720,7/29/2024
366,12/16/2022,Employment Contract,4/29/2023,6/26/2023,5/3/2024,407,8/25/2024
367,4/27/2023,Partnership Agreement,5/20/2023,5/3/2023,3/16/2024,185,10/5/2024
368,8/13/2023,Sales Contract,11/14/2022,2/4/2023,9/26/2024,182,4/20/2024
369,10/11/2023,Partnership Agreement,6/18/2023,2/20/2023,3/1/2024,547,10/21/2024
370,6/17/2023,Purchase Agreement,4/21/2023,3/16/2023,8/23/2024,781,4/22/2024
371,4/11/2023,Purchase Agreement,9/15/2023,2/28/2023,7/25/2024,261,4/13/2024
372,11/20/2022,Partnership Agreement,10/13/2023,8/1/2023,3/2/2024,45,2/27/2024
373,11/13/2022,Sales Contract,7/15/2023,1/19/2023,4/14/2024,312,8/5/2024
374,1/12/2023,Purchase Agreement,12/30/2022,9/20/2023,11/22/2024,277,6/10/2024
375,12/26/2022,Partnership Agreement,6/28/2023,4/10/2023,3/16/2024,812,12/4/2024
376,2/3/2023,Confidentiality Agreement,1/26/2023,9/11/2023,12/5/2024,434,11/10/2024
377,8/13/2023,Purchase Agreement,8/1/2023,1/20/2023,5/25/2024,275,3/13/2024
378,3/22/2023,Employment Contract,6/17/2023,11/12/2022,4/7/2024,185,7/24/2024
379,6/17/2023,Non-Disclosure Agreement,6/11/2023,2/3/2023,9/11/2024,662,3/10/2024
380,5/21/2023,Service Agreement,7/5/2023,3/30/2023,5/11/2024,947,4/18/2024
381,11/15/2022,Confidentiality Agreement,9/10/2023,10/25/2023,11/16/2024,122,6/2/2024
382,4/10/2023,Purchase Agreement,9/1/2023,1/5/2023,9/2/2024,407,3/28/2024
383,4/14/2023,Purchase Agreement,7/24/2023,4/20/2023,8/20/2024,19,4/16/2024
384,7/18/2023,Non-Disclosure Agreement,5/14/2023,11/12/2022,9/3/2024,966,3/23/2024
385,5/15/2023,Consulting Agreement,8/13/2023,2/28/2023,9/29/2024,872,3/3/2024
386,10/16/2023,Purchase Agreement,10/11/2023,10/23/2023,1/15/2024,248,3/28/2024
387,2/4/2023,Confidentiality Agreement,4/14/2023,8/27/2023,1/19/2024,6,6/21/2024
388,1/25/2023,Partnership Agreement,10/17/2023,7/11/2023,9/23/2024,646,4/17/2024
389,3/31/2023,Lease Agreement,2/12/2023,3/6/2023,1/4/2024,839,1/31/2024
390,10/4/2023,Lease Agreement,9/2/2023,4/25/2023,7/8/2024,480,7/4/2024
391,11/10/2023,Employment Contract,6/22/2023,9/8/2023,5/16/2024,158,7/4/2024
392,5/2/2023,Confidentiality Agreement,3/3/2023,9/3/2023,7/9/2024,401,2/8/2024
393,7/26/2023,Confidentiality Agreement,5/15/2023,7/24/2023,6/11/2024,939,11/15/2024
394,1/26/2023,Partnership Agreement,10/2/2023,5/4/2023,10/22/2024,247,4/21/2024
395,6/27/2023,Service Agreement,4/18/2023,10/25/2023,11/22/2024,943,1/9/2024
396,8/11/2023,Partnership Agreement,9/15/2023,7/22/2023,2/21/2024,69,2/8/2024
397,3/28/2023,Purchase Agreement,10/29/2023,4/2/2023,9/5/2024,239,3/19/2024
398,4/8/2023,Lease Agreement,9/13/2023,8/28/2023,4/5/2024,103,10/14/2024
399,5/1/2023,Purchase Agreement,1/1/2023,2/3/2023,1/7/2024,718,11/2/2024
400,5/2/2023,Employment Contract,10/6/2023,1/3/2023,1/17/2024,451,12/26/2024
401,10/18/2023,Non-Disclosure Agreement,11/6/2023,11/29/2022,3/24/2024,909,8/22/2024
402,3/1/2023,Service Agreement,8/18/2023,10/7/2023,7/20/2024,823,7/23/2024
403,7/31/2023,Confidentiality Agreement,6/11/2023,6/14/2023,4/11/2024,89,11/6/2024
404,3/14/2023,Service Agreement,1/9/2023,10/2/2023,2/9/2024,92,5/3/2024
405,9/6/2023,Purchase Agreement,11/8/2023,9/14/2023,5/10/2024,440,11/9/2024
406,3/9/2023,Non-Disclosure Agreement,9/9/2023,6/22/2023,6/19/2024,17,3/4/2024
407,2/23/2023,Confidentiality Agreement,9/11/2023,10/14/2023,9/16/2024,495,3/18/2024
408,8/8/2023,License Agreement,6/30/2023,8/3/2023,2/29/2024,381,6/10/2024
409,7/8/2023,Non-Disclosure Agreement,12/11/2022,1/10/2023,7/12/2024,646,5/29/2024
410,3/9/2023,Partnership Agreement,6/21/2023,9/15/2023,11/21/2024,105,5/16/2024
411,5/28/2023,License Agreement,2/13/2023,5/14/2023,9/19/2024,606,2/23/2024
412,5/3/2023,License Agreement,2/8/2023,3/20/2023,3/9/2024,74,11/18/2024
413,12/1/2022,Purchase Agreement,8/9/2023,1/24/2023,9/5/2024,429,6/23/2024
414,4/4/2023,Lease Agreement,8/3/2023,8/23/2023,3/16/2024,696,1/26/2024
415,5/13/2023,Lease Agreement,12/18/2022,11/19/2022,11/7/2024,296,11/13/2024
416,6/1/2023,Employment Contract,9/14/2023,7/1/2023,9/16/2024,207,12/17/2024
417,12/30/2022,Service Agreement,12/3/2022,7/15/2023,12/29/2024,967,6/28/2024
418,1/17/2023,Service Agreement,10/6/2023,8/21/2023,7/24/2024,191,2/4/2024
419,3/13/2023,Sales Contract,4/9/2023,10/1/2023,12/16/2024,387,3/18/2024
420,4/16/2023,Service Agreement,6/25/2023,2/10/2023,2/27/2024,550,12/18/2024
421,8/21/2023,Partnership Agreement,11/29/2022,8/21/2023,6/25/2024,343,6/27/2024
422,4/25/2023,Lease Agreement,4/16/2023,3/5/2023,10/11/2024,242,8/10/2024
423,5/3/2023,Service Agreement,5/22/2023,9/18/2023,11/25/2024,815,12/29/2024
424,5/28/2023,Sales Contract,8/30/2023,7/21/2023,6/21/2024,266,2/18/2024
425,2/12/2023,Service Agreement,9/15/2023,7/17/2023,5/17/2024,676,4/27/2024
426,9/30/2023,Confidentiality Agreement,3/6/2023,10/1/2023,5/7/2024,528,3/4/2024
427,10/30/2023,Confidentiality Agreement,12/20/2022,7/21/2023,12/23/2024,917,11/30/2024
428,11/23/2022,Confidentiality Agreement,9/22/2023,3/13/2023,3/12/2024,673,3/26/2024
429,6/13/2023,Service Agreement,3/15/2023,10/7/2023,1/7/2024,868,9/11/2024
430,3/3/2023,Employment Contract,9/8/2023,4/2/2023,7/12/2024,918,3/9/2024
431,4/1/2023,Employment Contract,11/17/2022,10/29/2023,5/5/2024,199,4/25/2024
432,11/21/2022,Non-Disclosure Agreement,7/9/2023,1/12/2023,9/8/2024,469,11/6/2024
433,1/29/2023,Sales Contract,12/21/2022,5/15/2023,3/23/2024,897,1/26/2024
434,8/22/2023,Confidentiality Agreement,1/31/2023,9/23/2023,7/8/2024,213,3/16/2024
435,5/18/2023,Non-Disclosure Agreement,9/16/2023,1/14/2023,3/4/2024,546,6/13/2024
436,9/1/2023,Sales Contract,10/31/2023,10/25/2023,6/11/2024,534,7/15/2024
437,5/26/2023,Employment Contract,9/1/2023,8/31/2023,10/16/2024,835,7/23/2024
438,9/16/2023,Service Agreement,1/12/2023,2/13/2023,9/23/2024,268,7/29/2024
439,11/3/2023,Purchase Agreement,11/29/2022,11/8/2023,11/7/2024,304,6/19/2024
440,6/21/2023,Consulting Agreement,10/10/2023,3/21/2023,4/10/2024,140,4/19/2024
441,8/11/2023,Partnership Agreement,12/30/2022,9/17/2023,2/28/2024,37,6/16/2024
442,9/8/2023,Non-Disclosure Agreement,2/11/2023,7/30/2023,9/9/2024,457,12/29/2024
443,7/16/2023,Service Agreement,12/23/2022,2/27/2023,10/9/2024,750,11/10/2024
444,5/31/2023,Purchase Agreement,7/8/2023,4/21/2023,4/11/2024,684,3/23/2024
445,1/31/2023,Partnership Agreement,7/7/2023,9/29/2023,8/8/2024,766,12/7/2024
446,6/2/2023,Sales Contract,2/17/2023,10/6/2023,5/4/2024,712,8/20/2024
447,3/11/2023,Non-Disclosure Agreement,12/29/2022,5/10/2023,8/9/2024,822,10/13/2024
448,1/29/2023,Consulting Agreement,9/26/2023,8/28/2023,4/20/2024,776,9/25/2024
449,7/28/2023,Lease Agreement,4/19/2023,8/31/2023,6/12/2024,406,11/13/2024
450,8/6/2023,Sales Contract,11/9/2023,3/2/2023,4/2/2024,127,12/31/2024
451,8/20/2023,Purchase Agreement,4/18/2023,8/20/2023,3/13/2024,276,7/30/2024
452,12/12/2022,Sales Contract,10/10/2023,9/5/2023,6/20/2024,1000,12/27/2024
453,11/7/2023,Service Agreement,2/1/2023,1/8/2023,8/16/2024,855,4/14/2024
454,5/2/2023,Sales Contract,1/15/2023,8/17/2023,12/13/2024,302,2/29/2024
455,4/21/2023,Purchase Agreement,5/16/2023,1/12/2023,2/13/2024,435,11/25/2024
456,11/20/2022,Partnership Agreement,3/27/2023,10/4/2023,6/1/2024,228,4/1/2024
457,3/17/2023,License Agreement,10/23/2023,1/22/2023,5/14/2024,895,1/8/2024
458,9/27/2023,License Agreement,1/5/2023,9/11/2023,1/8/2024,850,1/16/2024
459,9/18/2023,Consulting Agreement,7/28/2023,8/30/2023,10/5/2024,546,11/1/2024
460,8/29/2023,Lease Agreement,9/17/2023,2/15/2023,11/27/2024,777,10/11/2024
461,9/30/2023,Non-Disclosure Agreement,5/15/2023,8/5/2023,2/10/2024,885,9/23/2024
462,3/7/2023,Partnership Agreement,7/28/2023,8/26/2023,7/7/2024,720,2/4/2024
463,1/25/2023,Consulting Agreement,11/16/2022,6/17/2023,4/2/2024,971,5/25/2024
464,11/24/2022,Partnership Agreement,2/1/2023,10/5/2023,8/13/2024,787,10/21/2024
465,3/5/2023,Sales Contract,9/13/2023,2/5/2023,11/17/2024,988,4/17/2024
466,8/3/2023,Lease Agreement,9/17/2023,4/28/2023,9/10/2024,444,11/13/2024
467,8/20/2023,License Agreement,4/8/2023,4/20/2023,8/19/2024,594,5/29/2024
468,6/17/2023,Employment Contract,5/14/2023,11/26/2022,7/14/2024,987,5/26/2024
469,10/31/2023,Lease Agreement,10/6/2023,5/1/2023,12/10/2024,104,9/1/2024
470,7/15/2023,Employment Contract,2/2/2023,10/7/2023,5/31/2024,897,11/15/2024
471,10/11/2023,Consulting Agreement,2/12/2023,3/3/2023,5/8/2024,585,4/2/2024
472,4/24/2023,Purchase Agreement,7/26/2023,3/6/2023,1/27/2024,910,2/11/2024
473,1/23/2023,Partnership Agreement,5/18/2023,5/16/2023,5/27/2024,153,1/7/2024
474,1/19/2023,Lease Agreement,11/21/2022,8/13/2023,6/13/2024,269,4/14/2024
475,3/24/2023,Non-Disclosure Agreement,6/8/2023,12/2/2022,1/29/2024,690,6/17/2024
476,6/25/2023,Lease Agreement,10/12/2023,6/10/2023,5/24/2024,227,7/23/2024
477,6/28/2023,Employment Contract,2/23/2023,3/9/2023,10/18/2024,196,8/29/2024
478,3/8/2023,Employment Contract,10/25/2023,11/4/2023,3/19/2024,125,2/25/2024
479,10/25/2023,Partnership Agreement,10/13/2023,5/14/2023,1/2/2024,609,10/20/2024
480,9/21/2023,Partnership Agreement,3/6/2023,3/3/2023,8/3/2024,731,5/6/2024
481,9/4/2023,Employment Contract,3/3/2023,5/3/2023,10/19/2024,338,11/18/2024
482,3/17/2023,Employment Contract,3/12/2023,11/25/2022,3/26/2024,716,6/6/2024
483,2/6/2023,Partnership Agreement,9/27/2023,10/28/2023,6/15/2024,130,4/10/2024
484,2/2/2023,Confidentiality Agreement,2/8/2023,2/1/2023,12/4/2024,806,1/19/2024
485,8/17/2023,License Agreement,2/25/2023,9/11/2023,4/20/2024,806,4/12/2024
486,9/1/2023,Service Agreement,7/4/2023,11/5/2023,12/6/2024,951,1/23/2024
487,8/24/2023,Consulting Agreement,4/25/2023,12/25/2022,1/31/2024,497,3/1/2024
488,12/16/2022,Partnership Agreement,11/14/2022,7/8/2023,5/17/2024,970,9/5/2024
489,12/5/2022,Employment Contract,2/25/2023,12/12/2022,4/15/2024,860,1/11/2024
490,1/26/2023,Purchase Agreement,2/14/2023,8/28/2023,2/19/2024,724,4/16/2024
491,9/13/2023,Confidentiality Agreement,6/26/2023,6/14/2023,3/20/2024,556,3/13/2024
492,12/3/2022,Sales Contract,12/30/2022,11/4/2023,7/14/2024,179,1/16/2024
493,6/11/2023,Sales Contract,7/24/2023,10/19/2023,4/27/2024,853,1/15/2024
494,1/23/2023,License Agreement,5/4/2023,4/20/2023,7/1/2024,195,6/20/2024
495,4/19/2023,Sales Contract,1/9/2023,3/2/2023,2/1/2024,112,6/27/2024
496,11/12/2022,Lease Agreement,8/5/2023,5/31/2023,8/11/2024,137,9/7/2024
497,8/17/2023,Purchase Agreement,4/7/2023,6/29/2023,9/26/2024,763,4/30/2024
498,4/20/2023,Non-Disclosure Agreement,9/27/2023,8/3/2023,4/9/2024,575,12/24/2024
499,12/30/2022,Non-Disclosure Agreement,2/4/2023,3/14/2023,1/1/2024,85,10/8/2024
500,7/6/2023,Consulting Agreement,9/10/2023,6/24/2023,3/16/2024,314,10/19/2024
501,2/1/2023,Consulting Agreement,12/9/2022,1/13/2023,8/28/2024,384,10/14/2024
502,11/5/2023,Non-Disclosure Agreement,12/18/2022,12/19/2022,10/21/2024,945,7/6/2024
503,5/4/2023,Sales Contract,8/14/2023,10/4/2023,2/4/2024,459,1/7/2024
504,4/12/2023,Partnership Agreement,7/25/2023,9/23/2023,5/14/2024,161,11/13/2024
505,2/28/2023,License Agreement,9/19/2023,3/28/2023,1/5/2024,255,2/19/2024
506,5/5/2023,Employment Contract,9/30/2023,5/9/2023,8/1/2024,891,9/3/2024
507,10/1/2023,License Agreement,9/20/2023,4/24/2023,3/19/2024,750,10/3/2024
508,3/18/2023,Service Agreement,5/2/2023,10/4/2023,12/10/2024,835,3/7/2024
509,3/6/2023,Confidentiality Agreement,1/13/2023,9/14/2023,7/18/2024,919,3/18/2024
510,8/8/2023,Partnership Agreement,4/5/2023,11/15/2022,5/22/2024,893,4/26/2024
511,6/17/2023,Lease Agreement,11/25/2022,1/20/2023,8/23/2024,708,2/29/2024
512,4/29/2023,License Agreement,7/9/2023,3/23/2023,8/25/2024,938,5/16/2024
513,3/10/2023,Sales Contract,6/13/2023,10/16/2023,2/21/2024,29,12/27/2024
514,4/1/2023,Consulting Agreement,3/30/2023,5/2/2023,2/28/2024,694,1/29/2024
515,12/17/2022,License Agreement,4/13/2023,4/24/2023,5/1/2024,80,9/21/2024
516,3/21/2023,Consulting Agreement,9/25/2023,4/17/2023,7/2/2024,430,8/29/2024
517,3/26/2023,Partnership Agreement,12/8/2022,4/18/2023,3/11/2024,615,3/29/2024
518,6/16/2023,Partnership Agreement,12/22/2022,9/16/2023,2/13/2024,330,5/14/2024
519,10/25/2023,Purchase Agreement,10/24/2023,10/21/2023,5/5/2024,874,12/31/2024
520,2/3/2023,Consulting Agreement,10/29/2023,1/12/2023,1/4/2024,42,6/19/2024
521,1/1/2023,Purchase Agreement,5/7/2023,1/13/2023,6/3/2024,293,6/26/2024
522,9/7/2023,Service Agreement,2/12/2023,5/15/2023,3/29/2024,425,8/2/2024
523,5/28/2023,Purchase Agreement,5/30/2023,10/27/2023,3/1/2024,781,2/2/2024
524,3/6/2023,Sales Contract,3/9/2023,1/12/2023,2/23/2024,355,8/12/2024
525,4/5/2023,Confidentiality Agreement,10/8/2023,3/28/2023,11/8/2024,677,4/9/2024
526,3/24/2023,Consulting Agreement,8/23/2023,4/9/2023,8/28/2024,855,5/3/2024
527,1/7/2023,License Agreement,10/22/2023,3/30/2023,9/9/2024,710,8/10/2024
528,12/10/2022,License Agreement,8/11/2023,8/26/2023,5/13/2024,60,2/23/2024
529,5/22/2023,Purchase Agreement,3/23/2023,4/12/2023,12/4/2024,336,2/4/2024
530,8/12/2023,Non-Disclosure Agreement,9/7/2023,2/10/2023,10/4/2024,132,10/8/2024
531,11/9/2023,Lease Agreement,7/11/2023,7/5/2023,7/4/2024,166,4/6/2024
532,12/24/2022,License Agreement,5/30/2023,2/14/2023,4/29/2024,371,3/27/2024
533,11/18/2022,Partnership Agreement,3/27/2023,11/27/2022,10/6/2024,87,12/17/2024
534,9/22/2023,Purchase Agreement,6/16/2023,7/14/2023,10/25/2024,687,11/15/2024
535,7/14/2023,Lease Agreement,2/14/2023,6/17/2023,8/30/2024,15,4/19/2024
536,4/30/2023,Purchase Agreement,9/12/2023,8/13/2023,9/8/2024,997,5/20/2024
537,10/15/2023,Lease Agreement,1/14/2023,10/10/2023,7/25/2024,660,2/18/2024
538,3/11/2023,Lease Agreement,6/10/2023,12/13/2022,11/9/2024,179,7/4/2024
539,4/3/2023,Sales Contract,2/10/2023,7/20/2023,12/19/2024,365,4/11/2024
540,10/25/2023,Confidentiality Agreement,9/20/2023,11/2/2023,8/18/2024,294,6/11/2024
541,9/25/2023,Employment Contract,5/27/2023,4/24/2023,7/8/2024,314,6/5/2024
542,10/5/2023,Purchase Agreement,8/9/2023,2/12/2023,7/20/2024,495,5/29/2024
543,11/11/2023,License Agreement,2/17/2023,2/3/2023,1/12/2024,344,11/20/2024
544,5/22/2023,Purchase Agreement,1/9/2023,1/7/2023,12/2/2024,582,10/28/2024
545,10/13/2023,License Agreement,9/28/2023,6/20/2023,3/3/2024,729,3/31/2024
546,2/4/2023,Partnership Agreement,5/21/2023,5/16/2023,8/9/2024,268,11/6/2024
547,2/22/2023,Purchase Agreement,11/10/2023,1/16/2023,12/28/2024,539,11/27/2024
548,9/6/2023,Consulting Agreement,8/25/2023,1/10/2023,3/21/2024,502,5/12/2024
549,3/1/2023,Purchase Agreement,3/20/2023,8/4/2023,6/14/2024,291,3/26/2024
550,4/3/2023,Non-Disclosure Agreement,5/10/2023,7/11/2023,4/29/2024,593,3/12/2024
551,6/12/2023,Consulting Agreement,8/8/2023,9/15/2023,5/27/2024,810,4/11/2024
552,9/4/2023,Partnership Agreement,8/8/2023,5/5/2023,9/30/2024,852,10/6/2024
553,11/11/2023,Purchase Agreement,6/12/2023,6/4/2023,10/16/2024,803,8/7/2024
554,5/8/2023,Non-Disclosure Agreement,12/6/2022,9/16/2023,7/11/2024,960,1/17/2024
555,6/19/2023,Partnership Agreement,8/31/2023,12/10/2022,8/15/2024,843,5/9/2024
556,1/25/2023,Non-Disclosure Agreement,7/8/2023,8/6/2023,11/24/2024,837,1/13/2024
557,12/15/2022,Sales Contract,4/28/2023,4/5/2023,7/28/2024,196,12/24/2024
558,8/26/2023,Non-Disclosure Agreement,5/19/2023,8/20/2023,12/24/2024,517,8/23/2024
559,5/24/2023,Partnership Agreement,4/30/2023,9/20/2023,10/6/2024,617,9/24/2024
560,9/23/2023,Service Agreement,10/21/2023,11/23/2022,1/4/2024,136,6/7/2024
561,11/11/2023,Sales Contract,6/18/2023,12/8/2022,4/3/2024,235,9/7/2024
562,7/29/2023,Confidentiality Agreement,7/13/2023,3/22/2023,1/6/2024,827,6/8/2024
563,6/12/2023,Non-Disclosure Agreement,10/28/2023,11/16/2022,12/31/2024,625,9/3/2024
564,5/24/2023,Partnership Agreement,3/10/2023,3/19/2023,2/26/2024,259,5/10/2024
565,12/5/2022,Partnership Agreement,11/7/2023,6/30/2023,12/22/2024,808,10/13/2024
566,2/23/2023,Purchase Agreement,10/13/2023,10/4/2023,2/17/2024,953,8/26/2024
567,4/1/2023,Sales Contract,9/25/2023,6/5/2023,7/1/2024,843,5/2/2024
568,8/1/2023,Employment Contract,7/8/2023,6/9/2023,2/11/2024,73,5/20/2024
569,11/25/2022,Purchase Agreement,8/21/2023,12/22/2022,10/30/2024,862,11/29/2024
570,4/4/2023,Service Agreement,1/25/2023,2/1/2023,4/16/2024,517,11/24/2024
571,8/11/2023,Purchase Agreement,9/6/2023,12/4/2022,9/20/2024,513,3/3/2024
572,3/23/2023,Confidentiality Agreement,11/10/2023,8/3/2023,12/20/2024,693,6/27/2024
573,10/26/2023,Confidentiality Agreement,9/20/2023,1/6/2023,11/6/2024,626,11/8/2024
574,5/8/2023,Lease Agreement,5/25/2023,4/5/2023,9/24/2024,984,1/28/2024
575,6/7/2023,Non-Disclosure Agreement,3/13/2023,2/14/2023,12/17/2024,533,11/13/2024
576,5/9/2023,Partnership Agreement,7/9/2023,3/22/2023,4/1/2024,637,3/12/2024
577,6/7/2023,Partnership Agreement,12/26/2022,3/1/2023,5/29/2024,478,7/4/2024
578,11/17/2022,Confidentiality Agreement,2/27/2023,4/4/2023,6/17/2024,890,9/3/2024
579,4/24/2023,Employment Contract,10/20/2023,1/12/2023,5/2/2024,544,11/18/2024
580,5/7/2023,Consulting Agreement,7/25/2023,8/21/2023,1/7/2024,369,4/8/2024
581,2/6/2023,Confidentiality Agreement,4/26/2023,10/20/2023,2/26/2024,562,10/23/2024
582,9/5/2023,License Agreement,2/5/2023,7/18/2023,9/3/2024,369,1/25/2024
583,2/12/2023,Service Agreement,2/1/2023,1/30/2023,10/28/2024,235,1/30/2024
584,5/11/2023,Sales Contract,3/31/2023,10/24/2023,10/14/2024,151,3/1/2024
585,8/31/2023,Consulting Agreement,6/5/2023,10/7/2023,10/16/2024,671,3/5/2024
586,1/16/2023,Purchase Agreement,12/14/2022,5/19/2023,2/20/2024,115,5/31/2024
587,2/8/2023,Employment Contract,12/7/2022,10/4/2023,7/6/2024,833,9/11/2024
588,9/22/2023,Purchase Agreement,12/24/2022,2/8/2023,10/13/2024,163,6/24/2024
589,4/28/2023,Service Agreement,1/29/2023,4/27/2023,1/2/2024,85,12/8/2024
590,9/8/2023,Lease Agreement,6/29/2023,7/9/2023,10/16/2024,80,9/4/2024
591,7/26/2023,Service Agreement,1/11/2023,3/5/2023,5/9/2024,405,5/16/2024
592,12/20/2022,Confidentiality Agreement,9/26/2023,2/11/2023,7/15/2024,402,5/28/2024
593,6/28/2023,Employment Contract,7/23/2023,4/15/2023,12/5/2024,395,11/17/2024
594,1/27/2023,Non-Disclosure Agreement,10/19/2023,3/23/2023,8/27/2024,1,12/26/2024
595,10/8/2023,Purchase Agreement,7/14/2023,9/11/2023,11/19/2024,897,6/22/2024
596,11/26/2022,Non-Disclosure Agreement,1/19/2023,9/17/2023,5/7/2024,227,3/8/2024
597,4/14/2023,License Agreement,6/5/2023,2/5/2023,11/13/2024,676,10/5/2024
598,4/17/2023,Confidentiality Agreement,12/11/2022,10/19/2023,4/11/2024,120,10/7/2024
599,8/24/2023,License Agreement,11/18/2022,4/9/2023,7/12/2024,119,11/3/2024
600,6/9/2023,Non-Disclosure Agreement,12/25/2022,8/16/2023,9/25/2024,157,6/17/2024
601,7/9/2023,License Agreement,2/5/2023,4/13/2023,3/1/2024,426,6/15/2024
602,6/7/2023,Partnership Agreement,8/6/2023,11/19/2022,8/22/2024,804,7/21/2024
603,10/19/2023,Purchase Agreement,5/26/2023,7/6/2023,7/4/2024,854,7/5/2024
604,3/28/2023,License Agreement,11/7/2023,9/1/2023,10/22/2024,999,5/10/2024
605,4/22/2023,Lease Agreement,11/14/2022,4/9/2023,4/1/2024,174,7/4/2024
606,10/6/2023,License Agreement,8/13/2023,2/23/2023,1/7/2024,857,4/1/2024
607,9/10/2023,Partnership Agreement,6/18/2023,3/11/2023,9/19/2024,445,2/22/2024
608,6/16/2023,Confidentiality Agreement,10/23/2023,8/7/2023,7/6/2024,215,12/18/2024
609,11/4/2023,Non-Disclosure Agreement,9/15/2023,6/26/2023,8/16/2024,88,6/15/2024
610,1/25/2023,Purchase Agreement,4/23/2023,2/21/2023,5/12/2024,477,6/10/2024
611,8/2/2023,Service Agreement,10/1/2023,9/26/2023,9/28/2024,244,9/16/2024
612,6/26/2023,Consulting Agreement,3/22/2023,9/27/2023,4/17/2024,908,4/13/2024
613,4/15/2023,Confidentiality Agreement,3/1/2023,2/17/2023,10/5/2024,377,7/24/2024
614,7/19/2023,License Agreement,6/22/2023,9/20/2023,11/21/2024,12,5/1/2024
615,7/18/2023,Confidentiality Agreement,3/30/2023,8/20/2023,11/13/2024,886,11/7/2024
616,12/28/2022,Partnership Agreement,4/5/2023,2/27/2023,12/6/2024,407,1/5/2024
617,5/8/2023,Employment Contract,9/18/2023,7/31/2023,8/1/2024,925,10/2/2024
618,1/4/2023,Sales Contract,8/16/2023,1/28/2023,2/18/2024,933,3/5/2024
619,9/16/2023,Lease Agreement,5/3/2023,3/20/2023,12/27/2024,835,10/4/2024
620,12/11/2022,Confidentiality Agreement,1/9/2023,2/17/2023,4/2/2024,94,6/24/2024
621,3/17/2023,Lease Agreement,12/24/2022,6/16/2023,12/28/2024,360,5/23/2024
622,12/10/2022,Partnership Agreement,8/1/2023,12/31/2022,8/21/2024,874,12/18/2024
623,8/19/2023,Purchase Agreement,1/27/2023,8/3/2023,12/2/2024,311,3/25/2024
624,9/10/2023,Service Agreement,2/2/2023,2/6/2023,5/31/2024,683,5/24/2024
625,2/22/2023,Employment Contract,1/2/2023,8/3/2023,5/29/2024,763,7/6/2024
626,10/13/2023,Employment Contract,4/30/2023,10/5/2023,9/8/2024,393,11/21/2024
627,8/20/2023,License Agreement,1/10/2023,3/24/2023,4/14/2024,679,5/27/2024
628,4/10/2023,Sales Contract,9/6/2023,10/3/2023,7/18/2024,91,5/12/2024
629,3/19/2023,Employment Contract,7/5/2023,3/20/2023,2/21/2024,146,9/2/2024
630,10/11/2023,Purchase Agreement,7/13/2023,7/15/2023,10/9/2024,145,11/20/2024
631,4/3/2023,Purchase Agreement,3/30/2023,8/26/2023,11/13/2024,584,9/9/2024
632,3/4/2023,Employment Contract,5/5/2023,5/5/2023,4/17/2024,631,12/17/2024
633,10/15/2023,Consulting Agreement,5/7/2023,4/14/2023,7/22/2024,57,7/26/2024
634,11/30/2022,Consulting Agreement,12/23/2022,1/18/2023,11/13/2024,246,1/8/2024
635,1/8/2023,Sales Contract,10/31/2023,10/8/2023,9/25/2024,773,6/6/2024
636,6/19/2023,License Agreement,9/6/2023,4/12/2023,12/16/2024,767,11/7/2024
637,6/19/2023,Non-Disclosure Agreement,1/19/2023,6/10/2023,3/1/2024,175,4/5/2024
638,4/28/2023,Service Agreement,12/15/2022,7/25/2023,11/15/2024,68,10/4/2024
639,4/5/2023,License Agreement,3/30/2023,7/6/2023,11/28/2024,241,3/15/2024
640,5/5/2023,Confidentiality Agreement,9/21/2023,11/4/2023,1/18/2024,728,5/27/2024
641,7/14/2023,Lease Agreement,3/2/2023,4/14/2023,3/12/2024,943,12/2/2024
642,9/24/2023,Purchase Agreement,8/1/2023,10/21/2023,11/13/2024,797,4/26/2024
643,5/4/2023,Confidentiality Agreement,6/26/2023,9/21/2023,1/15/2024,685,6/30/2024
644,8/24/2023,Employment Contract,11/17/2022,2/14/2023,5/27/2024,293,4/21/2024
645,4/20/2023,Non-Disclosure Agreement,4/15/2023,5/18/2023,6/30/2024,32,8/20/2024
646,1/23/2023,Service Agreement,4/7/2023,3/19/2023,12/28/2024,305,12/26/2024
647,3/31/2023,Purchase Agreement,7/29/2023,11/19/2022,2/18/2024,553,12/22/2024
648,8/17/2023,Lease Agreement,12/31/2022,3/29/2023,4/17/2024,635,4/24/2024
649,7/18/2023,Service Agreement,12/17/2022,1/19/2023,1/12/2024,918,6/30/2024
650,4/6/2023,License Agreement,3/18/2023,11/30/2022,8/20/2024,188,8/13/2024
651,11/15/2022,License Agreement,9/19/2023,5/12/2023,1/20/2024,256,3/22/2024
652,1/3/2023,Confidentiality Agreement,10/30/2023,3/23/2023,3/10/2024,321,5/8/2024
653,11/16/2022,Consulting Agreement,8/10/2023,2/1/2023,7/25/2024,29,2/7/2024
654,1/28/2023,Consulting Agreement,11/5/2023,5/18/2023,3/10/2024,8,7/27/2024
655,1/25/2023,Purchase Agreement,6/27/2023,2/4/2023,1/14/2024,556,10/3/2024
656,10/14/2023,License Agreement,2/10/2023,12/16/2022,8/30/2024,347,2/5/2024
657,6/6/2023,Service Agreement,5/19/2023,4/16/2023,9/16/2024,134,7/17/2024
658,1/14/2023,Confidentiality Agreement,11/15/2022,1/23/2023,6/6/2024,333,12/19/2024
659,4/22/2023,Purchase Agreement,4/1/2023,10/27/2023,4/18/2024,834,5/19/2024
660,3/29/2023,Purchase Agreement,8/14/2023,7/30/2023,5/15/2024,214,5/20/2024
661,6/21/2023,Consulting Agreement,1/13/2023,7/16/2023,9/10/2024,602,8/23/2024
662,2/28/2023,Non-Disclosure Agreement,7/30/2023,2/11/2023,12/7/2024,693,7/13/2024
663,11/22/2022,Service Agreement,3/11/2023,11/18/2022,1/26/2024,90,10/1/2024
664,4/15/2023,Non-Disclosure Agreement,10/14/2023,10/29/2023,11/10/2024,379,1/1/2024
665,2/16/2023,Sales Contract,8/30/2023,11/29/2022,5/11/2024,22,9/19/2024
666,3/27/2023,Service Agreement,10/22/2023,6/13/2023,6/7/2024,615,5/14/2024
667,9/26/2023,Service Agreement,5/9/2023,11/15/2022,4/17/2024,108,6/19/2024
668,11/27/2022,Service Agreement,7/31/2023,3/9/2023,1/28/2024,377,1/19/2024
669,1/6/2023,Non-Disclosure Agreement,1/15/2023,11/20/2022,9/11/2024,166,9/14/2024
670,2/13/2023,Lease Agreement,6/13/2023,10/11/2023,3/22/2024,794,10/11/2024
671,7/11/2023,Non-Disclosure Agreement,7/8/2023,10/31/2023,10/23/2024,383,1/21/2024
672,2/3/2023,Partnership Agreement,1/2/2023,2/20/2023,1/19/2024,581,2/23/2024
673,4/20/2023,Non-Disclosure Agreement,10/18/2023,3/14/2023,5/4/2024,414,1/23/2024
674,12/14/2022,Partnership Agreement,6/8/2023,9/19/2023,3/24/2024,151,2/18/2024
675,1/14/2023,Lease Agreement,6/13/2023,9/4/2023,1/22/2024,33,2/15/2024
676,10/11/2023,Purchase Agreement,2/11/2023,12/1/2022,1/18/2024,832,7/20/2024
677,7/24/2023,Service Agreement,6/5/2023,2/9/2023,8/4/2024,471,7/1/2024
678,9/6/2023,License Agreement,5/27/2023,10/27/2023,1/19/2024,739,2/20/2024
679,4/8/2023,Confidentiality Agreement,2/8/2023,1/2/2023,3/26/2024,11,11/18/2024
680,2/23/2023,Purchase Agreement,4/9/2023,10/30/2023,10/3/2024,334,3/16/2024
681,7/11/2023,Sales Contract,4/17/2023,4/6/2023,7/30/2024,676,2/8/2024
682,11/16/2022,Consulting Agreement,5/23/2023,8/4/2023,9/7/2024,930,1/12/2024
683,3/17/2023,Employment Contract,9/1/2023,4/5/2023,6/24/2024,551,6/5/2024
684,11/7/2023,License Agreement,7/2/2023,7/4/2023,12/6/2024,360,9/18/2024
685,8/13/2023,License Agreement,2/20/2023,1/4/2023,8/27/2024,625,6/29/2024
686,1/18/2023,License Agreement,10/1/2023,1/7/2023,6/4/2024,465,7/30/2024
687,4/19/2023,License Agreement,11/17/2022,12/14/2022,1/16/2024,965,4/16/2024
688,8/23/2023,Non-Disclosure Agreement,8/25/2023,5/20/2023,6/7/2024,920,4/28/2024
689,6/1/2023,Purchase Agreement,9/3/2023,8/10/2023,7/16/2024,513,11/30/2024
690,8/14/2023,Purchase Agreement,6/4/2023,3/16/2023,3/25/2024,83,2/1/2024
691,11/22/2022,Employment Contract,4/19/2023,2/28/2023,4/2/2024,970,5/27/2024
692,3/25/2023,Lease Agreement,6/12/2023,7/20/2023,5/19/2024,775,12/19/2024
693,7/19/2023,Partnership Agreement,5/23/2023,12/26/2022,7/10/2024,914,12/29/2024
694,8/16/2023,Employment Contract,3/23/2023,7/26/2023,3/6/2024,259,1/11/2024
695,5/7/2023,Partnership Agreement,8/20/2023,7/9/2023,11/11/2024,15,9/12/2024
696,2/19/2023,Service Agreement,10/17/2023,10/1/2023,4/29/2024,687,5/28/2024
697,12/26/2022,Partnership Agreement,10/31/2023,12/14/2022,8/26/2024,323,12/8/2024
698,4/5/2023,Partnership Agreement,5/29/2023,7/21/2023,3/6/2024,288,11/15/2024
699,3/26/2023,Non-Disclosure Agreement,11/21/2022,10/20/2023,6/2/2024,905,1/30/2024
700,12/3/2022,Purchase Agreement,6/26/2023,9/25/2023,5/25/2024,78,7/5/2024
701,7/6/2023,Confidentiality Agreement,12/27/2022,6/19/2023,10/15/2024,477,12/21/2024
702,12/11/2022,Consulting Agreement,2/25/2023,11/23/2022,5/11/2024,170,6/15/2024
703,2/27/2023,Employment Contract,3/20/2023,9/7/2023,10/12/2024,155,8/20/2024
704,6/18/2023,Lease Agreement,10/20/2023,6/19/2023,12/17/2024,616,11/26/2024
705,5/1/2023,Sales Contract,6/22/2023,12/26/2022,4/4/2024,787,3/10/2024
706,12/8/2022,Lease Agreement,5/11/2023,12/11/2022,6/27/2024,341,5/1/2024
707,1/11/2023,Partnership Agreement,6/4/2023,5/2/2023,7/29/2024,536,4/7/2024
708,12/1/2022,Consulting Agreement,1/7/2023,8/14/2023,10/7/2024,696,4/24/2024
709,11/27/2022,Partnership Agreement,2/9/2023,11/21/2022,7/6/2024,925,5/9/2024
710,1/4/2023,Non-Disclosure Agreement,9/1/2023,8/13/2023,9/18/2024,349,9/19/2024
711,11/2/2023,License Agreement,3/19/2023,3/5/2023,8/28/2024,892,9/28/2024
712,5/7/2023,Lease Agreement,5/15/2023,11/5/2023,9/9/2024,506,4/2/2024
713,9/1/2023,Consulting Agreement,3/28/2023,10/28/2023,9/14/2024,720,10/17/2024
714,9/24/2023,Lease Agreement,5/5/2023,1/2/2023,4/21/2024,814,11/12/2024
715,7/30/2023,Sales Contract,8/6/2023,7/26/2023,3/1/2024,866,7/31/2024
716,3/12/2023,Non-Disclosure Agreement,7/21/2023,9/27/2023,3/5/2024,961,8/9/2024
717,12/12/2022,Non-Disclosure Agreement,5/13/2023,9/25/2023,8/10/2024,770,9/27/2024
718,3/5/2023,Confidentiality Agreement,4/4/2023,8/20/2023,1/18/2024,793,2/14/2024
719,3/25/2023,Purchase Agreement,4/3/2023,10/27/2023,6/13/2024,616,8/28/2024
720,7/23/2023,Sales Contract,3/14/2023,7/19/2023,6/2/2024,827,2/3/2024
721,5/8/2023,Employment Contract,9/6/2023,11/19/2022,12/21/2024,805,9/21/2024
722,4/21/2023,Consulting Agreement,7/5/2023,7/31/2023,1/10/2024,555,1/18/2024
723,2/22/2023,Employment Contract,12/7/2022,4/2/2023,6/15/2024,48,6/16/2024
724,10/10/2023,Confidentiality Agreement,6/13/2023,6/18/2023,11/15/2024,855,9/13/2024
725,3/3/2023,Non-Disclosure Agreement,10/14/2023,3/28/2023,5/30/2024,428,4/13/2024
726,8/10/2023,Lease Agreement,11/28/2022,6/3/2023,7/19/2024,898,7/28/2024
727,5/29/2023,Confidentiality Agreement,6/30/2023,5/16/2023,10/12/2024,597,8/30/2024
728,12/16/2022,Non-Disclosure Agreement,9/7/2023,4/21/2023,1/26/2024,201,8/14/2024
729,11/29/2022,Partnership Agreement,7/27/2023,7/7/2023,5/15/2024,344,5/28/2024
730,3/20/2023,Lease Agreement,4/27/2023,10/23/2023,4/30/2024,687,9/29/2024
731,9/12/2023,Employment Contract,9/15/2023,4/4/2023,10/18/2024,820,11/21/2024
732,9/2/2023,Partnership Agreement,3/19/2023,12/5/2022,4/27/2024,382,11/29/2024
733,8/29/2023,License Agreement,10/23/2023,7/20/2023,11/14/2024,540,6/5/2024
734,4/23/2023,Service Agreement,9/27/2023,10/23/2023,7/7/2024,292,5/23/2024
735,1/18/2023,Purchase Agreement,2/7/2023,6/19/2023,1/9/2024,207,4/23/2024
736,2/22/2023,Sales Contract,11/30/2022,5/14/2023,10/15/2024,151,7/24/2024
737,5/26/2023,Sales Contract,4/23/2023,9/24/2023,9/16/2024,629,1/29/2024
738,4/23/2023,Partnership Agreement,9/6/2023,4/9/2023,8/9/2024,602,4/8/2024
739,9/11/2023,Purchase Agreement,2/9/2023,5/26/2023,11/9/2024,118,7/11/2024
740,2/12/2023,Consulting Agreement,9/11/2023,10/7/2023,10/31/2024,702,8/23/2024
741,12/15/2022,Non-Disclosure Agreement,2/14/2023,6/23/2023,1/22/2024,952,2/27/2024
742,6/28/2023,Non-Disclosure Agreement,9/27/2023,2/5/2023,8/5/2024,794,10/30/2024
743,9/20/2023,Employment Contract,2/14/2023,8/4/2023,6/25/2024,543,6/4/2024
744,2/25/2023,Non-Disclosure Agreement,10/21/2023,3/25/2023,4/6/2024,107,6/2/2024
745,3/15/2023,Employment Contract,9/12/2023,6/19/2023,4/19/2024,589,5/21/2024
746,5/4/2023,Purchase Agreement,12/5/2022,6/6/2023,4/28/2024,442,12/22/2024
747,5/1/2023,Service Agreement,10/1/2023,8/8/2023,4/30/2024,943,12/16/2024
748,2/10/2023,Purchase Agreement,4/13/2023,10/27/2023,11/30/2024,856,10/7/2024
749,12/5/2022,Purchase Agreement,7/10/2023,10/17/2023,3/20/2024,871,3/6/2024
750,2/12/2023,Lease Agreement,7/4/2023,9/25/2023,10/6/2024,762,3/6/2024
751,7/31/2023,Confidentiality Agreement,2/3/2023,9/27/2023,12/16/2024,249,11/12/2024
752,1/8/2023,License Agreement,1/27/2023,4/9/2023,3/11/2024,444,1/13/2024
753,8/27/2023,Purchase Agreement,12/3/2022,8/2/2023,3/10/2024,601,6/15/2024
754,12/23/2022,License Agreement,11/5/2023,3/24/2023,4/17/2024,343,3/28/2024
755,6/20/2023,License Agreement,9/27/2023,5/2/2023,2/5/2024,156,7/29/2024
756,7/27/2023,Service Agreement,6/24/2023,12/7/2022,6/13/2024,387,5/7/2024
757,4/15/2023,Employment Contract,9/30/2023,2/16/2023,11/17/2024,819,3/11/2024
758,12/26/2022,License Agreement,6/15/2023,8/21/2023,5/18/2024,403,9/14/2024
759,4/15/2023,Partnership Agreement,6/17/2023,11/17/2022,12/10/2024,876,3/1/2024
760,1/14/2023,Confidentiality Agreement,1/27/2023,11/6/2023,12/28/2024,486,10/7/2024
761,6/9/2023,Partnership Agreement,9/12/2023,5/10/2023,4/16/2024,530,10/15/2024
762,10/6/2023,Sales Contract,1/1/2023,9/24/2023,4/6/2024,53,11/6/2024
763,7/19/2023,Partnership Agreement,1/19/2023,5/12/2023,3/5/2024,466,4/3/2024
764,8/25/2023,Employment Contract,12/23/2022,7/11/2023,2/12/2024,517,4/13/2024
765,12/19/2022,Employment Contract,5/12/2023,4/7/2023,7/22/2024,602,2/22/2024
766,8/17/2023,Employment Contract,4/20/2023,11/24/2022,11/23/2024,222,1/28/2024
767,5/3/2023,License Agreement,1/27/2023,12/4/2022,12/4/2024,844,10/24/2024
768,11/18/2022,Service Agreement,9/26/2023,5/7/2023,1/31/2024,614,4/10/2024
769,9/21/2023,Sales Contract,2/13/2023,9/4/2023,1/12/2024,767,6/18/2024
770,3/14/2023,Service Agreement,2/26/2023,3/26/2023,1/24/2024,224,2/20/2024
771,11/8/2023,Lease Agreement,2/14/2023,6/20/2023,11/28/2024,571,8/7/2024
772,12/29/2022,Consulting Agreement,4/6/2023,6/29/2023,12/11/2024,516,12/7/2024
773,4/13/2023,Service Agreement,1/1/2023,9/27/2023,10/8/2024,927,1/14/2024
774,7/25/2023,License Agreement,11/13/2022,10/30/2023,3/23/2024,974,4/26/2024
775,11/27/2022,License Agreement,7/30/2023,2/18/2023,12/30/2024,454,11/15/2024
776,3/30/2023,License Agreement,1/18/2023,2/1/2023,8/19/2024,249,3/8/2024
777,2/16/2023,Non-Disclosure Agreement,8/28/2023,8/6/2023,11/8/2024,744,8/25/2024
778,12/27/2022,Service Agreement,9/1/2023,11/1/2023,1/24/2024,63,12/5/2024
779,3/25/2023,Sales Contract,2/25/2023,5/16/2023,8/1/2024,1,9/9/2024
780,10/9/2023,Service Agreement,7/30/2023,2/16/2023,4/20/2024,491,7/29/2024
781,3/24/2023,Purchase Agreement,12/7/2022,4/24/2023,2/18/2024,365,4/1/2024
782,5/28/2023,License Agreement,6/24/2023,4/15/2023,3/4/2024,121,8/2/2024
783,9/7/2023,Non-Disclosure Agreement,12/10/2022,9/6/2023,5/1/2024,80,8/26/2024
784,10/1/2023,Purchase Agreement,11/7/2023,12/20/2022,8/2/2024,445,4/15/2024
785,10/26/2023,Partnership Agreement,12/8/2022,8/19/2023,11/6/2024,758,2/11/2024
786,11/9/2023,Service Agreement,12/28/2022,12/29/2022,5/17/2024,101,5/18/2024
787,4/30/2023,Service Agreement,7/6/2023,6/18/2023,8/20/2024,45,10/23/2024
788,1/19/2023,Purchase Agreement,4/25/2023,11/8/2023,5/31/2024,654,7/19/2024
789,11/4/2023,Service Agreement,6/18/2023,2/27/2023,4/30/2024,609,10/31/2024
790,8/29/2023,Sales Contract,3/17/2023,12/24/2022,4/4/2024,117,6/17/2024
791,8/26/2023,Sales Contract,8/21/2023,1/9/2023,7/11/2024,568,11/8/2024
792,1/16/2023,Purchase Agreement,5/30/2023,12/18/2022,3/1/2024,481,1/26/2024
793,3/10/2023,License Agreement,5/7/2023,2/7/2023,4/22/2024,695,3/14/2024
794,10/24/2023,Non-Disclosure Agreement,8/29/2023,9/30/2023,1/6/2024,332,4/28/2024
795,8/15/2023,Sales Contract,6/22/2023,10/30/2023,3/3/2024,236,12/11/2024
796,11/14/2022,Service Agreement,7/4/2023,4/24/2023,9/8/2024,194,4/10/2024
797,11/27/2022,Sales Contract,7/7/2023,8/20/2023,8/2/2024,353,9/9/2024
798,10/30/2023,Non-Disclosure Agreement,11/30/2022,9/19/2023,9/9/2024,744,7/23/2024
799,5/25/2023,Purchase Agreement,1/22/2023,2/16/2023,4/18/2024,391,10/3/2024
800,1/28/2023,Sales Contract,6/15/2023,11/25/2022,5/31/2024,305,9/23/2024
801,12/10/2022,Lease Agreement,3/5/2023,10/3/2023,2/21/2024,388,5/29/2024
802,10/29/2023,Consulting Agreement,9/10/2023,4/29/2023,7/9/2024,935,7/24/2024
803,11/11/2023,Non-Disclosure Agreement,1/28/2023,8/10/2023,11/7/2024,568,10/5/2024
804,5/9/2023,License Agreement,1/11/2023,3/25/2023,3/22/2024,991,10/28/2024
805,7/11/2023,Purchase Agreement,12/1/2022,2/8/2023,2/12/2024,901,11/10/2024
806,7/7/2023,Sales Contract,12/2/2022,4/6/2023,11/15/2024,220,11/17/2024
807,10/3/2023,Purchase Agreement,4/4/2023,5/21/2023,6/14/2024,617,12/5/2024
808,12/31/2022,Non-Disclosure Agreement,4/29/2023,3/5/2023,10/14/2024,287,4/11/2024
809,12/4/2022,Non-Disclosure Agreement,8/21/2023,1/20/2023,4/2/2024,795,8/30/2024
810,6/4/2023,Sales Contract,3/22/2023,1/9/2023,12/19/2024,303,6/12/2024
811,8/12/2023,Purchase Agreement,8/1/2023,6/20/2023,12/7/2024,56,6/7/2024
812,12/25/2022,Confidentiality Agreement,1/23/2023,8/9/2023,4/28/2024,554,3/17/2024
813,7/20/2023,License Agreement,7/15/2023,5/11/2023,10/6/2024,823,10/7/2024
814,10/23/2023,Consulting Agreement,12/22/2022,3/11/2023,7/11/2024,500,12/20/2024
815,9/26/2023,Purchase Agreement,7/31/2023,3/15/2023,2/14/2024,795,9/11/2024
816,1/14/2023,Purchase Agreement,11/11/2023,6/17/2023,1/8/2024,92,4/29/2024
817,6/24/2023,Lease Agreement,12/2/2022,5/22/2023,10/28/2024,730,10/17/2024
818,11/27/2022,Confidentiality Agreement,6/28/2023,8/6/2023,4/3/2024,960,7/30/2024
819,12/9/2022,Sales Contract,6/17/2023,4/13/2023,12/11/2024,963,6/1/2024
820,12/20/2022,License Agreement,4/7/2023,8/16/2023,1/14/2024,662,4/22/2024
821,5/26/2023,Non-Disclosure Agreement,8/7/2023,2/6/2023,7/10/2024,237,5/19/2024
822,3/16/2023,License Agreement,12/13/2022,10/16/2023,1/28/2024,981,10/24/2024
823,11/22/2022,Purchase Agreement,10/21/2023,11/28/2022,3/14/2024,715,10/14/2024
824,12/19/2022,Non-Disclosure Agreement,12/16/2022,10/27/2023,11/7/2024,498,8/4/2024
825,1/12/2023,Purchase Agreement,5/9/2023,12/5/2022,10/8/2024,354,11/5/2024
826,12/19/2022,Partnership Agreement,11/26/2022,10/28/2023,8/23/2024,38,8/8/2024
827,9/19/2023,Non-Disclosure Agreement,5/4/2023,7/7/2023,9/22/2024,813,11/15/2024
828,1/15/2023,Confidentiality Agreement,3/3/2023,8/8/2023,10/9/2024,690,4/19/2024
829,5/27/2023,Confidentiality Agreement,3/31/2023,1/12/2023,5/15/2024,723,1/3/2024
830,3/26/2023,Partnership Agreement,11/22/2022,1/20/2023,7/11/2024,302,1/6/2024
831,11/2/2023,Sales Contract,2/22/2023,1/18/2023,11/14/2024,850,6/25/2024
832,2/12/2023,Lease Agreement,4/16/2023,10/19/2023,3/4/2024,312,2/15/2024
833,4/13/2023,Partnership Agreement,3/30/2023,5/11/2023,4/2/2024,495,1/27/2024
834,11/7/2023,Employment Contract,4/8/2023,4/11/2023,4/12/2024,786,2/26/2024
835,5/11/2023,Non-Disclosure Agreement,1/22/2023,12/21/2022,10/12/2024,227,1/16/2024
836,7/30/2023,Sales Contract,10/21/2023,11/15/2022,3/26/2024,969,5/16/2024
837,1/22/2023,Consulting Agreement,9/26/2023,5/28/2023,10/27/2024,887,9/30/2024
838,11/8/2023,Consulting Agreement,9/1/2023,12/8/2022,7/19/2024,590,10/19/2024
839,2/27/2023,Partnership Agreement,6/7/2023,1/20/2023,3/10/2024,63,11/8/2024
840,1/17/2023,Consulting Agreement,5/18/2023,7/24/2023,2/15/2024,560,1/3/2024
841,7/30/2023,Consulting Agreement,1/13/2023,11/8/2023,2/29/2024,70,4/6/2024
842,12/24/2022,Sales Contract,6/2/2023,3/29/2023,5/28/2024,407,3/16/2024
843,4/10/2023,Employment Contract,12/5/2022,8/22/2023,5/7/2024,553,10/5/2024
844,8/19/2023,Purchase Agreement,8/16/2023,6/20/2023,12/31/2024,820,4/12/2024
845,4/18/2023,Purchase Agreement,8/4/2023,12/7/2022,1/26/2024,979,10/5/2024
846,6/15/2023,Non-Disclosure Agreement,1/7/2023,3/5/2023,3/26/2024,578,5/25/2024
847,5/31/2023,Lease Agreement,9/19/2023,2/13/2023,4/23/2024,942,10/8/2024
848,11/29/2022,Lease Agreement,10/18/2023,3/1/2023,12/6/2024,950,11/2/2024
849,12/7/2022,Service Agreement,5/1/2023,10/14/2023,6/16/2024,33,8/16/2024
850,4/24/2023,Consulting Agreement,11/24/2022,10/5/2023,9/8/2024,181,9/28/2024
851,3/8/2023,Sales Contract,5/24/2023,8/27/2023,12/27/2024,372,5/12/2024
852,6/6/2023,Sales Contract,7/2/2023,6/1/2023,1/1/2024,712,11/16/2024
853,11/1/2023,Employment Contract,11/7/2023,2/23/2023,12/29/2024,901,11/8/2024
854,8/27/2023,Consulting Agreement,9/29/2023,5/23/2023,9/24/2024,30,10/15/2024
855,4/11/2023,Non-Disclosure Agreement,1/5/2023,1/23/2023,2/23/2024,77,4/20/2024
856,4/28/2023,Non-Disclosure Agreement,4/29/2023,12/11/2022,12/24/2024,357,2/11/2024
857,7/28/2023,License Agreement,12/23/2022,12/9/2022,11/27/2024,1,9/17/2024
858,5/16/2023,License Agreement,12/30/2022,5/7/2023,1/4/2024,230,8/5/2024
859,12/3/2022,Sales Contract,5/25/2023,7/17/2023,3/24/2024,3,9/26/2024
860,10/14/2023,Lease Agreement,12/3/2022,7/20/2023,1/3/2024,816,8/18/2024
861,2/23/2023,Partnership Agreement,10/1/2023,5/11/2023,12/24/2024,342,3/16/2024
862,5/22/2023,License Agreement,10/29/2023,4/16/2023,5/11/2024,791,6/14/2024
863,3/12/2023,Non-Disclosure Agreement,7/11/2023,1/7/2023,3/2/2024,330,7/3/2024
864,12/16/2022,Employment Contract,12/4/2022,1/25/2023,10/4/2024,991,12/15/2024
865,11/19/2022,Service Agreement,6/18/2023,8/4/2023,7/28/2024,855,11/12/2024
866,3/26/2023,Lease Agreement,1/5/2023,10/9/2023,7/19/2024,120,6/13/2024
867,9/27/2023,Partnership Agreement,3/2/2023,2/18/2023,9/26/2024,438,7/10/2024
868,3/21/2023,Non-Disclosure Agreement,4/1/2023,12/19/2022,6/10/2024,856,12/16/2024
869,4/29/2023,Purchase Agreement,9/10/2023,6/25/2023,9/21/2024,940,9/17/2024
870,2/26/2023,Consulting Agreement,2/10/2023,9/7/2023,2/4/2024,53,10/24/2024
871,1/8/2023,Consulting Agreement,2/4/2023,2/27/2023,9/21/2024,779,8/3/2024
872,1/20/2023,Non-Disclosure Agreement,10/4/2023,7/3/2023,5/8/2024,137,4/22/2024
873,11/22/2022,Sales Contract,10/21/2023,5/19/2023,8/5/2024,844,9/2/2024
874,8/1/2023,Sales Contract,11/14/2022,12/29/2022,5/29/2024,632,12/16/2024
875,10/8/2023,License Agreement,6/28/2023,10/8/2023,7/26/2024,296,5/10/2024
876,2/10/2023,License Agreement,10/30/2023,10/24/2023,8/3/2024,825,9/30/2024
877,3/2/2023,Service Agreement,11/5/2023,12/7/2022,7/1/2024,324,1/26/2024
878,2/7/2023,License Agreement,1/27/2023,3/29/2023,11/15/2024,496,6/25/2024
879,9/28/2023,Confidentiality Agreement,8/2/2023,8/5/2023,11/15/2024,628,10/12/2024
880,5/8/2023,Sales Contract,12/10/2022,1/20/2023,5/23/2024,840,10/26/2024
881,3/22/2023,Service Agreement,6/2/2023,3/31/2023,6/5/2024,625,1/18/2024
882,10/23/2023,Employment Contract,2/17/2023,7/2/2023,11/7/2024,785,4/22/2024
883,10/16/2023,Employment Contract,11/19/2022,10/1/2023,8/17/2024,583,12/27/2024
884,1/31/2023,License Agreement,8/30/2023,1/19/2023,10/12/2024,776,4/11/2024
885,5/20/2023,Service Agreement,6/28/2023,11/27/2022,12/8/2024,334,9/27/2024
886,11/24/2022,Purchase Agreement,3/5/2023,10/9/2023,12/21/2024,17,1/14/2024
887,4/15/2023,Service Agreement,6/7/2023,7/27/2023,3/5/2024,765,2/1/2024
888,5/11/2023,Partnership Agreement,12/6/2022,9/9/2023,1/8/2024,3,10/25/2024
889,9/27/2023,Partnership Agreement,4/8/2023,7/3/2023,11/14/2024,360,5/7/2024
890,1/6/2023,Non-Disclosure Agreement,7/3/2023,11/14/2022,12/4/2024,645,3/24/2024
891,3/10/2023,License Agreement,10/13/2023,5/5/2023,10/14/2024,963,1/19/2024
892,4/11/2023,Partnership Agreement,12/28/2022,1/7/2023,3/28/2024,30,2/23/2024
893,4/4/2023,Lease Agreement,3/2/2023,1/12/2023,5/21/2024,230,12/20/2024
894,9/20/2023,Confidentiality Agreement,10/15/2023,4/17/2023,3/10/2024,334,2/11/2024
895,9/29/2023,Employment Contract,9/15/2023,2/28/2023,8/16/2024,192,9/13/2024
896,1/3/2023,Sales Contract,12/19/2022,8/11/2023,8/20/2024,793,9/9/2024
897,5/30/2023,Purchase Agreement,10/8/2023,5/9/2023,2/28/2024,193,7/27/2024
898,9/7/2023,License Agreement,4/2/2023,5/23/2023,9/29/2024,726,12/22/2024
899,12/28/2022,Confidentiality Agreement,5/19/2023,9/2/2023,11/11/2024,868,1/10/2024
900,2/20/2023,License Agreement,1/25/2023,1/20/2023,7/24/2024,108,3/4/2024
901,7/9/2023,Non-Disclosure Agreement,8/25/2023,12/4/2022,11/7/2024,240,8/20/2024
902,10/4/2023,License Agreement,11/30/2022,10/5/2023,5/7/2024,219,5/14/2024
903,9/25/2023,Partnership Agreement,4/19/2023,12/19/2022,5/16/2024,734,11/18/2024
904,3/17/2023,License Agreement,7/27/2023,1/23/2023,9/26/2024,720,1/8/2024
905,2/4/2023,Service Agreement,8/13/2023,6/16/2023,6/17/2024,645,8/13/2024
906,1/26/2023,Employment Contract,8/29/2023,6/11/2023,5/9/2024,150,4/8/2024
907,9/4/2023,Sales Contract,6/30/2023,12/31/2022,8/7/2024,239,12/31/2024
908,8/22/2023,Service Agreement,1/26/2023,5/19/2023,11/28/2024,668,7/25/2024
909,3/12/2023,Consulting Agreement,10/22/2023,7/14/2023,5/1/2024,429,8/5/2024
910,4/5/2023,Lease Agreement,7/2/2023,1/30/2023,3/31/2024,377,5/8/2024
911,1/13/2023,Confidentiality Agreement,10/2/2023,2/1/2023,11/8/2024,459,12/13/2024
912,11/7/2023,Service Agreement,7/11/2023,12/11/2022,4/27/2024,412,6/15/2024
913,1/2/2023,License Agreement,6/22/2023,10/9/2023,9/10/2024,449,11/12/2024
914,4/14/2023,Purchase Agreement,11/27/2022,10/18/2023,2/10/2024,86,12/3/2024
915,3/7/2023,License Agreement,4/26/2023,10/25/2023,5/12/2024,794,6/30/2024
916,12/28/2022,Partnership Agreement,6/28/2023,3/20/2023,10/4/2024,878,12/29/2024
917,7/29/2023,Consulting Agreement,6/24/2023,12/8/2022,10/13/2024,964,9/26/2024
918,1/14/2023,Non-Disclosure Agreement,1/17/2023,7/21/2023,10/16/2024,6,2/3/2024
919,2/24/2023,License Agreement,2/12/2023,10/25/2023,12/23/2024,897,10/28/2024
920,5/14/2023,Partnership Agreement,7/3/2023,12/30/2022,7/5/2024,686,8/12/2024
921,10/17/2023,Confidentiality Agreement,12/11/2022,10/29/2023,1/8/2024,274,7/24/2024
922,2/25/2023,Lease Agreement,2/10/2023,9/9/2023,12/24/2024,843,7/19/2024
923,8/1/2023,Purchase Agreement,7/14/2023,11/14/2022,8/11/2024,808,1/1/2024
924,11/22/2022,Lease Agreement,10/18/2023,3/10/2023,6/6/2024,664,12/31/2024
925,3/29/2023,Confidentiality Agreement,1/5/2023,10/29/2023,12/21/2024,488,5/7/2024
926,9/26/2023,Employment Contract,2/27/2023,4/13/2023,10/21/2024,707,12/11/2024
927,6/12/2023,Employment Contract,3/28/2023,1/3/2023,4/8/2024,980,9/23/2024
928,7/23/2023,Lease Agreement,6/22/2023,3/29/2023,7/28/2024,983,1/5/2024
929,6/25/2023,Lease Agreement,6/24/2023,7/14/2023,11/29/2024,845,4/10/2024
930,2/9/2023,Confidentiality Agreement,12/13/2022,6/25/2023,11/8/2024,53,3/19/2024
931,8/15/2023,License Agreement,9/14/2023,2/20/2023,1/31/2024,793,1/2/2024
932,9/25/2023,Partnership Agreement,4/27/2023,7/13/2023,1/12/2024,515,11/17/2024
933,6/8/2023,Confidentiality Agreement,3/11/2023,5/20/2023,2/13/2024,712,1/8/2024
934,1/31/2023,Partnership Agreement,11/17/2022,7/14/2023,3/11/2024,477,11/10/2024
935,11/13/2022,Consulting Agreement,3/18/2023,5/11/2023,2/2/2024,614,8/14/2024
936,12/8/2022,Service Agreement,3/17/2023,2/9/2023,12/27/2024,584,10/13/2024
937,8/13/2023,Consulting Agreement,7/1/2023,5/1/2023,11/25/2024,252,2/11/2024
938,9/10/2023,Partnership Agreement,11/13/2022,9/26/2023,12/23/2024,435,3/21/2024
939,5/17/2023,Service Agreement,2/10/2023,12/26/2022,10/28/2024,189,5/6/2024
940,10/1/2023,Consulting Agreement,6/13/2023,4/10/2023,11/17/2024,746,11/29/2024
941,10/23/2023,Consulting Agreement,4/7/2023,4/2/2023,3/8/2024,292,12/3/2024
942,2/17/2023,Purchase Agreement,10/25/2023,3/7/2023,3/22/2024,353,3/27/2024
943,12/19/2022,License Agreement,12/20/2022,3/19/2023,7/9/2024,627,8/2/2024
944,6/13/2023,Partnership Agreement,11/10/2023,3/21/2023,8/21/2024,282,4/24/2024
945,10/14/2023,Lease Agreement,2/5/2023,3/16/2023,1/18/2024,170,4/2/2024
946,5/24/2023,Employment Contract,9/23/2023,7/19/2023,1/22/2024,725,11/28/2024
947,7/3/2023,Lease Agreement,12/5/2022,2/2/2023,4/23/2024,955,11/28/2024
948,7/3/2023,Employment Contract,3/22/2023,8/20/2023,2/17/2024,820,5/31/2024
949,9/5/2023,Service Agreement,6/8/2023,6/23/2023,1/3/2024,262,3/9/2024
950,3/2/2023,License Agreement,3/12/2023,6/17/2023,10/12/2024,439,3/3/2024
951,5/22/2023,Purchase Agreement,7/2/2023,2/23/2023,4/2/2024,893,2/29/2024
952,1/29/2023,Employment Contract,7/6/2023,4/6/2023,7/3/2024,768,6/30/2024
953,3/5/2023,Lease Agreement,11/12/2022,6/9/2023,8/20/2024,420,7/28/2024
954,6/20/2023,Partnership Agreement,11/28/2022,3/13/2023,12/29/2024,592,7/15/2024
955,5/27/2023,Consulting Agreement,11/17/2022,8/5/2023,3/28/2024,297,8/17/2024
956,5/5/2023,Non-Disclosure Agreement,5/28/2023,5/12/2023,3/8/2024,261,4/7/2024
957,10/16/2023,Purchase Agreement,4/24/2023,12/5/2022,10/21/2024,412,12/29/2024
958,10/15/2023,License Agreement,7/24/2023,8/10/2023,9/25/2024,521,5/21/2024
959,7/31/2023,Consulting Agreement,6/18/2023,11/13/2022,8/6/2024,66,5/6/2024
960,9/9/2023,Service Agreement,3/7/2023,6/18/2023,1/30/2024,533,7/22/2024
961,3/21/2023,Confidentiality Agreement,8/31/2023,6/7/2023,12/18/2024,259,3/20/2024
962,4/9/2023,Non-Disclosure Agreement,6/3/2023,6/9/2023,6/2/2024,687,6/16/2024
963,5/16/2023,Lease Agreement,10/3/2023,2/28/2023,4/5/2024,492,6/17/2024
964,11/23/2022,Consulting Agreement,1/14/2023,7/19/2023,12/6/2024,78,1/21/2024
965,1/28/2023,Employment Contract,11/9/2023,9/16/2023,8/22/2024,777,8/5/2024
966,11/21/2022,Employment Contract,5/17/2023,5/21/2023,5/24/2024,406,6/9/2024
967,5/2/2023,Partnership Agreement,10/25/2023,12/26/2022,5/12/2024,140,4/4/2024
968,8/19/2023,Service Agreement,5/28/2023,2/21/2023,4/26/2024,65,10/6/2024
969,7/11/2023,License Agreement,4/12/2023,4/7/2023,9/28/2024,11,12/26/2024
970,6/25/2023,Employment Contract,9/14/2023,9/22/2023,12/17/2024,874,11/18/2024
971,2/22/2023,Non-Disclosure Agreement,11/6/2023,5/12/2023,4/10/2024,633,12/1/2024
972,4/25/2023,Confidentiality Agreement,12/19/2022,3/28/2023,8/12/2024,882,5/10/2024
973,11/3/2023,Consulting Agreement,3/29/2023,9/17/2023,2/8/2024,418,12/22/2024
974,10/18/2023,Non-Disclosure Agreement,10/8/2023,9/4/2023,1/1/2024,796,8/17/2024
975,8/3/2023,Consulting Agreement,10/7/2023,12/26/2022,7/21/2024,32,3/28/2024
976,2/22/2023,Sales Contract,9/20/2023,5/25/2023,7/28/2024,908,4/15/2024
977,4/25/2023,Consulting Agreement,10/4/2023,6/5/2023,4/1/2024,32,7/30/2024
978,12/24/2022,Service Agreement,7/26/2023,12/17/2022,2/18/2024,997,5/3/2024
979,10/15/2023,Confidentiality Agreement,8/23/2023,1/31/2023,2/17/2024,802,8/26/2024
980,10/28/2023,Partnership Agreement,3/9/2023,8/26/2023,11/28/2024,266,4/28/2024
981,3/31/2023,Partnership Agreement,9/6/2023,6/10/2023,3/7/2024,734,12/1/2024
982,1/14/2023,Non-Disclosure Agreement,6/19/2023,6/9/2023,9/2/2024,847,9/26/2024
983,8/20/2023,Non-Disclosure Agreement,12/21/2022,1/11/2023,3/25/2024,67,2/18/2024
984,2/20/2023,Lease Agreement,2/2/2023,9/17/2023,5/23/2024,842,6/20/2024
985,10/25/2023,Service Agreement,3/21/2023,3/1/2023,6/28/2024,204,10/19/2024
986,3/27/2023,Non-Disclosure Agreement,10/28/2023,4/11/2023,4/1/2024,506,5/10/2024
987,4/25/2023,Service Agreement,4/20/2023,8/7/2023,4/16/2024,122,1/6/2024
988,11/11/2023,Partnership Agreement,1/18/2023,7/4/2023,4/15/2024,322,5/9/2024
989,12/8/2022,Service Agreement,6/5/2023,10/18/2023,7/21/2024,483,5/29/2024
990,1/1/2023,Sales Contract,1/21/2023,7/17/2023,12/27/2024,704,12/2/2024
991,8/28/2023,Service Agreement,3/20/2023,8/26/2023,2/13/2024,82,9/18/2024
992,1/4/2023,Service Agreement,5/15/2023,9/20/2023,10/13/2024,134,7/30/2024
993,11/28/2022,Lease Agreement,6/16/2023,5/10/2023,3/23/2024,624,2/13/2024
994,12/6/2022,Sales Contract,8/10/2023,12/4/2022,9/5/2024,444,12/30/2024
995,2/16/2023,Purchase Agreement,12/11/2022,10/16/2023,1/30/2024,679,8/14/2024
996,2/13/2023,Partnership Agreement,2/12/2023,7/12/2023,1/12/2024,864,3/3/2024
997,8/12/2023,Lease Agreement,7/15/2023,4/29/2023,8/25/2024,51,9/22/2024
998,10/1/2023,Confidentiality Agreement,7/23/2023,10/5/2023,2/15/2024,143,5/16/2024
999,12/22/2022,License Agreement,12/29/2022,6/16/2023,1/4/2024,503,11/4/2024
1000,5/6/2023,Non-Disclosure Agreement,11/9/2023,10/15/2023,12/22/2024,121,12/5/2024
